Anatomical Structures,Organ,is_watertight (T/F),number_of_tissue_blocks_registered_total_Lu_collision,number_of_datasets_with_ct_counts_for this_anatomical_structure,dataset_ids
VH_M_lateral_condyle_of_femur_sup_R,VH_M_Knee_R,Yes,0,0,
VH_M_lateral_perichondular_surface_R,VH_M_Knee_R,No,0,0,
VH_M_lateral_epicondylar_enthesis_R,VH_M_Knee_R,No,0,0,
VH_M_meniscus_R,VH_M_Knee_R,Yes,3,0,
VH_M_posterior_cruciate_enthesis_R,VH_M_Knee_R,No,0,0,
VH_M_medial_epicondylar_enthesis_R,VH_M_Knee_R,No,0,0,
VH_M_medial_perichondular_surface_R,VH_M_Knee_R,No,0,0,
VH_M_femur_R,VH_M_Knee_R,Yes,3,0,
VH_M_anterior_cruciate_enthesis_R,VH_M_Knee_R,No,0,0,
VH_M_intercondylar_fossa_R,VH_M_Knee_R,No,0,0,
VH_M_patella_R,VH_M_Knee_R,Yes,0,0,
VH_M_lateral_condyle_of_femur_inf_R,VH_M_Knee_R,Yes,1,0,
VH_M_lateral_condyle_of_femur_frontal_R,VH_M_Knee_R,Yes,1,0,
VH_M_medial_condyle_of_right_femur_sup,VH_M_Knee_R,Yes,0,0,
VH_M_tibia_R,VH_M_Knee_R,Yes,2,0,
VH_M_fibula_R,VH_M_Knee_R,Yes,0,0,
VH_M_distal_most_point_of_medial_condyle_of_femur_R,VH_M_Knee_R,Yes,2,0,
VH_M_articular_cartilage_of_knee_R,VH_M_Knee_R,No,3,0,
VH_M_patellar_surface_R,VH_M_Knee_R,No,0,0,
VH_M_medial_condyle_of_right_femur_inf,VH_M_Knee_R,Yes,0,0,
VH_M_medial_perichondular_surface_L,VH_M_Knee_L,Yes,0,0,
VH_M_fibula_L,VH_M_Knee_L,Yes,0,0,
VH_M_lateral_condyle_of_femur_frontal_L,VH_M_Knee_L,Yes,0,0,
VH_M_articular_cartilage_of_knee_L,VH_M_Knee_L,No,1,0,
VH_M_medial_condyle_of_left_femur_sup,VH_M_Knee_L,Yes,0,0,
VH_M_lateral_perichondular_surface_L,VH_M_Knee_L,No,0,0,
VH_M_meniscus_L,VH_M_Knee_L,Yes,1,0,
VH_M_posterior_cruciate_enthesis_L,VH_M_Knee_L,No,0,0,
VH_M_lateral_epicondylar_enthesis_L,VH_M_Knee_L,No,0,0,
VH_M_patellar_surface_L,VH_M_Knee_L,No,0,0,
VH_M_tibia_L,VH_M_Knee_L,Yes,1,0,
VH_M_anterior_cruciate_enthesis_L,VH_M_Knee_L,No,0,0,
VH_M_lateral_condyle_of_femur_inf_L,VH_M_Knee_L,Yes,0,0,
VH_M_patella_L,VH_M_Knee_L,Yes,0,0,
VH_M_medial_epicondylar_enthesis_L,VH_M_Knee_L,Yes,0,0,
VH_M_lateral_condyle_of_femur_sup_L,VH_M_Knee_L,Yes,0,0,
VH_M_distal_most_point_of_medial_condyle_of_femur_L,VH_M_Knee_L,Yes,1,0,
VH_M_medial_condyle_of_left_femur_inf,VH_M_Knee_L,Yes,0,0,
VH_M_intercondylar_fossa_L,VH_M_Knee_L,No,0,0,
VH_M_femur_L,VH_M_Knee_L,Yes,1,0,
VH_M_C7_segment_of_cervical_spinal_cord,VH_M_Spinal_Cord,Yes,0,0,
VH_M_C3_segment_of_cervical_spinal_cord,VH_M_Spinal_Cord,Yes,0,0,
VH_M_first_thoracic_spinal_cord_segment,VH_M_Spinal_Cord,Yes,0,0,
VH_M_seventh_thoracic_spinal_cord_segment,VH_M_Spinal_Cord,Yes,0,0,
VH_M_eleventh_thoracic_spinal_cord_segment,VH_M_Spinal_Cord,Yes,0,0,
VH_M_first_lumbar_spinal_cord_segment,VH_M_Spinal_Cord,Yes,0,0,
VH_M_fourth_sacral_spinal_cord_segment,VH_M_Spinal_Cord,Yes,0,0,
VH_M_third_thoracic_spinal_cord_segment,VH_M_Spinal_Cord,Yes,0,0,
VH_M_C2_segment_of_cervical_spinal_cord,VH_M_Spinal_Cord,Yes,0,0,
VH_M_third_lumbar_spinal_cord_segment,VH_M_Spinal_Cord,Yes,0,0,
VH_M_fourth_thoracic_spinal_cord_segment,VH_M_Spinal_Cord,Yes,0,0,
VH_M_tenth_thoracic_spinal_cord_segment,VH_M_Spinal_Cord,Yes,0,0,
VH_M_twelfth_thoracic_spinal_cord_segment,VH_M_Spinal_Cord,Yes,0,0,
VH_M_second_sacral_spinal_cord_segment,VH_M_Spinal_Cord,Yes,0,0,
VH_M_second_thoracic_spinal_cord_segment,VH_M_Spinal_Cord,Yes,0,0,
VH_M_C8_segment_of_cervical_spinal_cord,VH_M_Spinal_Cord,Yes,0,0,
VH_M_eighth_thoracic_spinal_cord_segment,VH_M_Spinal_Cord,Yes,0,0,
VH_M_C5_segment_of_cervical_spinal_cord,VH_M_Spinal_Cord,Yes,0,0,
VH_M_C1_segment_of_cervical_spinal_cord,VH_M_Spinal_Cord,Yes,0,0,
VH_M_fifth_sacral_spinal_cord_segment,VH_M_Spinal_Cord,Yes,0,0,
VH_M_fourth_lumbar_spinal_cord_segment,VH_M_Spinal_Cord,Yes,0,0,
VH_M_ninth_thoracic_spinal_cord_segment,VH_M_Spinal_Cord,Yes,0,0,
VH_M_second_lumbar_spinal_cord_segment,VH_M_Spinal_Cord,Yes,0,0,
VH_M_fifth_lumbar_spinal_cord_segment,VH_M_Spinal_Cord,Yes,0,0,
VH_M_C4_segment_of_cervical_spinal_cord,VH_M_Spinal_Cord,Yes,0,0,
VH_M_C6_segment_of_cervical_spinal_cord,VH_M_Spinal_Cord,Yes,0,0,
VH_M_fifth_thoracic_spinal_cord_segment,VH_M_Spinal_Cord,Yes,0,0,
VH_M_first_sacral_spinal_cord_segment,VH_M_Spinal_Cord,Yes,0,0,
VH_M_sixth_thoracic_spinal_cord_segment,VH_M_Spinal_Cord,Yes,0,0,
VH_M_third_sacral_spinal_cord_segment,VH_M_Spinal_Cord,Yes,0,0,
VH_F_ampulla_of_uterine_tube_L,VH_F_Fallopian_Tube_L,Yes,0,0,
VH_F_isthmus_of_fallopian_tube_L,VH_F_Fallopian_Tube_L,Yes,0,0,
VH_F_fibria_of_uterine_tube_L,VH_F_Fallopian_Tube_L,Yes,0,0,
VH_F_uterine_tube_infundibulum_L,VH_F_Fallopian_Tube_L,Yes,0,0,
VH_F_right_ovary,VH_F_Ovary_R,Yes,0,0,
VH_M_renal_papilla_R_j,VH_M_Kidney_R,Yes,0,0,
VH_M_renal_pyramid_e,VH_M_Kidney_R,Yes,0,0,
VH_M_renal_papilla_R_g,VH_M_Kidney_R,Yes,0,0,
VH_M_renal_papilla_R_f,VH_M_Kidney_R,Yes,0,0,
VH_M_renal_pyramid_j,VH_M_Kidney_R,Yes,2,0,
VH_M_renal_pyramid_c,VH_M_Kidney_R,Yes,0,0,
VH_M_renal_pyramid_h,VH_M_Kidney_R,Yes,0,0,
VH_M_outer_cortex_of_kidney_R,VH_M_Kidney_R,No,7,29,"HBM876.HTRX.668,HBM537.GVTL.683,HBM447.KCHB.778,HBM552.PBBF.363,HBM282.BKRZ.254,HBM834.THPC.928,HBM958.GZCX.985,HBM684.TLPQ.738,HBM476.VHDB.268,HBM393.DZDZ.972,HBM942.NXWW.245,HBM427.KFXP.323,HBM634.QQWF.789,HBM664.LQSH.693,HBM873.NSHG.559,HBM258.HQCL.349,HBM243.MTZV.726,HBM252.JLSW.848,HBM246.KBZS.276,HBM495.ZFDT.229,HBM242.HNLH.466,HBM844.KXXX.692,HBM979.KNQM.454,HBM525.LRPL.332,HBM332.KQWB.454,HBM688.FLJB.475,HBM347.MRTV.333,HBM996.XSNK.694,HBM992.XNZH.647"
VH_M_hilum_of_kidney_R,VH_M_Kidney_R,Yes,0,0,
VH_M_renal_pyramid_f,VH_M_Kidney_R,Yes,0,0,
VH_M_renal_papilla_R_e,VH_M_Kidney_R,Yes,0,0,
VH_M_renal_pyramid_d,VH_M_Kidney_R,Yes,1,1,HBM574.NFCS.842
VH_M_renal_papilla_R_d,VH_M_Kidney_R,Yes,1,1,HBM574.NFCS.842
VH_M_renal_pyramid_g,VH_M_Kidney_R,Yes,0,0,
VH_M_renal_papilla_R_b,VH_M_Kidney_R,Yes,0,0,
VH_M_renal_column_R,VH_M_Kidney_R,No,3,29,"HBM876.HTRX.668,HBM537.GVTL.683,HBM447.KCHB.778,HBM552.PBBF.363,HBM282.BKRZ.254,HBM834.THPC.928,HBM958.GZCX.985,HBM684.TLPQ.738,HBM476.VHDB.268,HBM393.DZDZ.972,HBM942.NXWW.245,HBM427.KFXP.323,HBM634.QQWF.789,HBM664.LQSH.693,HBM873.NSHG.559,HBM258.HQCL.349,HBM243.MTZV.726,HBM252.JLSW.848,HBM246.KBZS.276,HBM495.ZFDT.229,HBM242.HNLH.466,HBM844.KXXX.692,HBM979.KNQM.454,HBM525.LRPL.332,HBM332.KQWB.454,HBM688.FLJB.475,HBM347.MRTV.333,HBM996.XSNK.694,HBM574.NFCS.842"
VH_M_renal_pyramid_b,VH_M_Kidney_R,Yes,0,0,
VH_M_renal_papilla_R_a,VH_M_Kidney_R,Yes,0,0,
VH_M_renal_pyramid_i,VH_M_Kidney_R,Yes,0,0,
VH_M_kidney_capsule_R,VH_M_Kidney_R,No,0,0,
VH_M_renal_papilla_R_h,VH_M_Kidney_R,Yes,0,0,
VH_M_renal_papilla_R_i,VH_M_Kidney_R,Yes,0,0,
VH_M_renal_papilla_R_c,VH_M_Kidney_R,Yes,0,0,
VH_M_renal_pyramid_a,VH_M_Kidney_R,Yes,0,0,
VH_M_hilum_of_spleen,VH_M_Spleen,No,10,0,
VH_M_colic_surface_of_spleen,VH_M_Spleen,No,0,0,
VH_M_renal_surface_of_spleen,VH_M_Spleen,Yes,9,0,
VH_M_diaphragmatic_surface_of_spleen,VH_M_Spleen,Yes,34,0,
VH_M_gastric_surface_of_spleen,VH_M_Spleen,No,1,0,
VH_M_other_urethra,VH_M_Urethra,No,0,0,
VH_M_prostatic_urethra,VH_M_Urethra,No,0,0,
VH_F_diaphragmatic_surface_of_spleen,VH_F_Spleen,No,18,0,
VH_F_colic_surface_of_spleen,VH_F_Spleen,Yes,0,0,
VH_F_hilum_of_spleen,VH_F_Spleen,No,3,0,
VH_F_renal_surface_of_spleen,VH_F_Spleen,No,3,0,
VH_F_gastric_surface_of_spleen,VH_F_Spleen,Yes,5,0,
VH_M_uncinate_process_of_the_pancreas,VH_M_Pancreas,Yes,0,0,
VH_M_body_of_pancreas,VH_M_Pancreas,Yes,1,0,
VH_M_neck_of_pancreas,VH_M_Pancreas,Yes,1,0,
VH_M_head_of_pancreas,VH_M_Pancreas,No,0,0,
VH_M_tail_of_pancreas,VH_M_Pancreas,Yes,0,0,
VH_F_left_subclavian_artery_a,VH_F_Blood_Vasculature,No,0,0,
VH_F_internal_iliac_vein_L,VH_F_Blood_Vasculature,Yes,0,0,
VH_F_inferior_vena_cava_b,VH_F_Blood_Vasculature,No,0,0,
VH_F_celiac_trunk,VH_F_Blood_Vasculature,Yes,0,0,
VH_F_left_branch_of_portal_vein,VH_F_Blood_Vasculature,Yes,0,0,
VH_F_left_colic_vein,VH_F_Blood_Vasculature,Yes,0,0,
VH_F_left_renal_vein,VH_F_Blood_Vasculature,No,0,0,
VH_F_anterior_segmental_right_hepatic_artery,VH_F_Blood_Vasculature,Yes,0,0,
VH_F_left_common_carotid_artery_b,VH_F_Blood_Vasculature,No,0,0,
VH_F_cystic_vein,VH_F_Blood_Vasculature,Yes,0,0,
VH_F_anterior_cardiac_vein,VH_F_Blood_Vasculature,No,0,0,
VH_F_inferior_rectal_vein_L,VH_F_Blood_Vasculature,Yes,0,0,
VH_F_descending_aorta_b,VH_F_Blood_Vasculature,Yes,0,0,
VH_F_inferior_ophthalmic_vein_R,VH_F_Blood_Vasculature,No,0,0,
VH_F_ophthalmic_vein_L,VH_F_Blood_Vasculature,No,0,0,
VH_F_superior_ophthalmic_vein_L,VH_F_Blood_Vasculature,No,0,0,
VH_F_sigmoid_vein_a,VH_F_Blood_Vasculature,Yes,0,0,
VH_F_left_uterine_vein,VH_F_Blood_Vasculature,Yes,0,0,
VH_F_right_colic_artery,VH_F_Blood_Vasculature,Yes,0,0,
VH_F_ascending_aorta,VH_F_Blood_Vasculature,Yes,0,0,
VH_F_middle_hepatic_artery_branch_of_left_hepatic_artery,VH_F_Blood_Vasculature,Yes,0,0,
VH_F_middle_colic_artery,VH_F_Blood_Vasculature,Yes,0,0,
VH_F_right_marginal_artery,VH_F_Blood_Vasculature,No,0,0,
VH_F_left_hepatic_vein,VH_F_Blood_Vasculature,Yes,0,0,
VH_F_pulmonary_vein_R_inf,VH_F_Blood_Vasculature,No,0,0,
VH_F_descending_aorta_a,VH_F_Blood_Vasculature,Yes,0,0,
VH_F_right_hepatic_vein,VH_F_Blood_Vasculature,Yes,0,0,
VH_F_central_retinal_artery_L,VH_F_Blood_Vasculature,Yes,0,0,
VH_F_inferior_mesenteric_vein,VH_F_Blood_Vasculature,No,0,0,
VH_F_ileocolic_artery,VH_F_Blood_Vasculature,No,0,0,
VH_F_cystic_artery,VH_F_Blood_Vasculature,Yes,0,0,
VH_F_opthalmic_artery_L,VH_F_Blood_Vasculature,No,0,0,
VH_F_splenic_artery,VH_F_Blood_Vasculature,Yes,0,0,
VH_F_right_common_iliac_vein,VH_F_Blood_Vasculature,Yes,0,0,
VH_F_superior_mesenteric_artery,VH_F_Blood_Vasculature,Yes,0,0,
VH_F_left_renal_artery,VH_F_Blood_Vasculature,No,0,0,
VH_F_right_colic_vein,VH_F_Blood_Vasculature,Yes,0,0,
VH_F_sigmoid_vein_c,VH_F_Blood_Vasculature,Yes,0,0,
VH_F_posterior_vein_of_left_ventricle,VH_F_Blood_Vasculature,Yes,0,0,
VH_F_inferior_rectal_vein_R,VH_F_Blood_Vasculature,Yes,0,0,
VH_F_middle_colic_vein,VH_F_Blood_Vasculature,Yes,0,0,
VH_F_right_branch_of_portal_vein,VH_F_Blood_Vasculature,Yes,0,0,
VH_F_proper_hepatic_artery,VH_F_Blood_Vasculature,Yes,0,0,
VH_F_right_coronary_artery,VH_F_Blood_Vasculature,Yes,0,0,
VH_F_pulmonary_vein_L_inf,VH_F_Blood_Vasculature,No,0,0,
VH_F_middle_hepatic_vein,VH_F_Blood_Vasculature,Yes,0,0,
VH_F_ophthalmic_vein_R,VH_F_Blood_Vasculature,No,0,0,
VH_F_superior_rectal_artery,VH_F_Blood_Vasculature,Yes,0,0,
VH_F_splenic_vein,VH_F_Blood_Vasculature,No,0,0,
VH_F_oblique_vein_of_left_atrium,VH_F_Blood_Vasculature,Yes,0,0,
VH_F_common_hepatic_artery,VH_F_Blood_Vasculature,Yes,0,0,
VH_F_left_posterior_descending_branch_of_circumflex_branch_of_left_coronary_artery,VH_F_Blood_Vasculature,Yes,0,0,
VH_F_brachiocephalic_artery_b,VH_F_Blood_Vasculature,Yes,0,0,
VH_F_pulmonary_artery_L,VH_F_Blood_Vasculature,No,0,0,
VH_F_left_hepatic_artery,VH_F_Blood_Vasculature,Yes,0,0,
VH_F_pulmonary_vein_L_sup,VH_F_Blood_Vasculature,No,0,0,
VH_F_superior_mesenteric_vein,VH_F_Blood_Vasculature,Yes,0,0,
VH_F_central_retinal_vein_R,VH_F_Blood_Vasculature,Yes,0,0,
VH_F_left_common_carotid_artery_a,VH_F_Blood_Vasculature,Yes,0,0,
VH_F_superior_rectal_vein,VH_F_Blood_Vasculature,Yes,0,0,
VH_F_left_circumflex_artery,VH_F_Blood_Vasculature,Yes,0,0,
VH_F_internal_pudendal_vein_L,VH_F_Blood_Vasculature,Yes,0,0,
VH_F_left_coronary_artery,VH_F_Blood_Vasculature,Yes,0,0,
VH_F_internal_iliac_vein_R,VH_F_Blood_Vasculature,Yes,0,0,
VH_F_hepatic_portal_vein,VH_F_Blood_Vasculature,Yes,0,0,
VH_F_sigmoid_artery_c,VH_F_Blood_Vasculature,Yes,0,0,
VH_F_small_cardiac_vein,VH_F_Blood_Vasculature,Yes,0,0,
VH_F_sigmoid_artery_b,VH_F_Blood_Vasculature,Yes,0,0,
VH_F_inferior_vena_cava_a,VH_F_Blood_Vasculature,No,0,0,
VH_F_left_marginal_branch,VH_F_Blood_Vasculature,Yes,0,0,
VH_F_marginal_artery_of_Drummond,VH_F_Blood_Vasculature,No,0,0,
VH_F_posterior_left_ventricular_branch,VH_F_Blood_Vasculature,Yes,0,0,
VH_F_inferior_mesenteric_artery,VH_F_Blood_Vasculature,Yes,0,0,
VH_F_inferior_pancreaticoduodenal_vein,VH_F_Blood_Vasculature,Yes,0,0,
VH_F_left_subclavian_artery_b,VH_F_Blood_Vasculature,Yes,0,0,
VH_F_left_colic_artery,VH_F_Blood_Vasculature,Yes,0,0,
VH_F_middle_rectal_vein_R,VH_F_Blood_Vasculature,Yes,0,0,
VH_F_pulmonary_vein_R_sup,VH_F_Blood_Vasculature,No,0,0,
VH_F_right_renal_artery,VH_F_Blood_Vasculature,Yes,0,0,
VH_F_diagonal_branch_of_left_anterior_descending_artery,VH_F_Blood_Vasculature,Yes,0,0,
VH_F_sigmoid_artery_a,VH_F_Blood_Vasculature,Yes,0,0,
VH_F_sigmoid_vein_b,VH_F_Blood_Vasculature,Yes,0,0,
VH_F_coronary_sinus,VH_F_Blood_Vasculature,No,0,0,
VH_F_middle_cardiac_vein,VH_F_Blood_Vasculature,No,0,0,
VH_F_left_anterior_descending_artery,VH_F_Blood_Vasculature,Yes,0,0,
VH_F_middle_rectal_vein_L,VH_F_Blood_Vasculature,Yes,0,0,
VH_F_opthalmic_artery_R,VH_F_Blood_Vasculature,No,0,0,
VH_F_superior_vena_cava,VH_F_Blood_Vasculature,Yes,0,0,
VH_F_superior_ophthalmic_vein_R,VH_F_Blood_Vasculature,No,0,0,
VH_F_right_renal_vein,VH_F_Blood_Vasculature,No,0,0,
VH_F_median_sacral_vein,VH_F_Blood_Vasculature,Yes,0,0,
VH_F_brachiocephalic_artery_a,VH_F_Blood_Vasculature,No,0,0,
VH_F_right_uterine_vein,VH_F_Blood_Vasculature,Yes,0,0,
VH_F_central_retinal_vein_L,VH_F_Blood_Vasculature,Yes,0,0,
VH_F_inferior_ophthalmic_vein_L,VH_F_Blood_Vasculature,No,0,0,
VH_F_posterior_segmental_right_hepatic_artery,VH_F_Blood_Vasculature,Yes,0,0,
VH_F_right_uterine_artery,VH_F_Blood_Vasculature,Yes,0,0,
VH_F_pulmonary_artery_R,VH_F_Blood_Vasculature,No,0,0,
VH_F_internal_pudendal_vein_R,VH_F_Blood_Vasculature,Yes,0,0,
VH_F_left_common_iliac_vein,VH_F_Blood_Vasculature,Yes,0,0,
VH_F_central_retinal_artery_R,VH_F_Blood_Vasculature,Yes,0,0,
VH_F_left_marginal_vein,VH_F_Blood_Vasculature,No,0,0,
VH_F_left_uterine_artery,VH_F_Blood_Vasculature,Yes,0,0,
VH_F_ileocolic_vein,VH_F_Blood_Vasculature,Yes,0,0,
VH_F_right_hepatic_artery,VH_F_Blood_Vasculature,Yes,0,0,
VH_F_pulmonary_trunk,VH_F_Blood_Vasculature,No,0,0,
VH_F_great_cardiac_vein,VH_F_Blood_Vasculature,Yes,0,0,
VH_F_aortic_arch,VH_F_Blood_Vasculature,No,0,0,
VH_M_ileum_terminal,VH_M_Small_Intestine,No,8,0,
VH_M_duodenum_superior,VH_M_Small_Intestine,No,0,0,
VH_M_duodenal_ampulla,VH_M_Small_Intestine,No,0,0,
VH_M_ileum,VH_M_Small_Intestine,No,0,0,
VH_M_duodenum_horizonal,VH_M_Small_Intestine,No,8,0,
VH_M_duodenum_ascending,VH_M_Small_Intestine,No,8,0,
VH_M_duodenum_descending,VH_M_Small_Intestine,No,6,0,
VH_M_jejunum,VH_M_Small_Intestine,No,8,0,
VH_M_sphincter_of_hepatopancreatic_ampulla,VH_M_Small_Intestine,Yes,0,0,
VH_M_papilla_of_santorini,VH_M_Small_Intestine,Yes,0,0,
VH_F_renal_papilla_R_f,VH_F_Ureter_R,Yes,0,0,
VH_F_renal_papilla_R_e,VH_F_Ureter_R,Yes,0,0,
VH_F_renal_pelvis_R,VH_F_Ureter_R,Yes,0,0,
VH_F_right_ureter,VH_F_Ureter_R,Yes,0,0,
VH_F_renal_papilla_R_i,VH_F_Ureter_R,Yes,0,0,
VH_F_major_calyx_R_c,VH_F_Ureter_R,No,0,0,
VH_F_minor_calyx_R_h,VH_F_Ureter_R,Yes,0,0,
VH_F_major_calyx_R_b,VH_F_Ureter_R,No,0,0,
VH_F_renal_papilla_R_g,VH_F_Ureter_R,Yes,0,0,
VH_F_minor_calyx_R_g,VH_F_Ureter_R,Yes,0,0,
VH_F_renal_papilla_R_d,VH_F_Ureter_R,Yes,0,0,
VH_F_minor_calyx_R_e,VH_F_Ureter_R,No,0,0,
VH_F_minor_calyx_R_f,VH_F_Ureter_R,No,0,0,
VH_F_renal_papilla_R_h,VH_F_Ureter_R,Yes,0,0,
VH_F_major_calyx_R_a,VH_F_Ureter_R,No,0,0,
VH_F_minor_calyx_R_a,VH_F_Ureter_R,No,0,0,
VH_F_renal_papilla_R_c,VH_F_Ureter_R,Yes,0,0,
VH_F_renal_papilla_R_a,VH_F_Ureter_R,Yes,0,0,
VH_F_minor_calyx_R_d,VH_F_Ureter_R,No,0,0,
VH_F_renal_papilla_R_b,VH_F_Ureter_R,Yes,0,0,
VH_F_minor_calyx_R_b,VH_F_Ureter_R,No,0,0,
VH_F_minor_calyx_R_i,VH_F_Ureter_R,No,0,0,
VH_F_minor_calyx_R_j,VH_F_Ureter_R,No,0,0,
VH_F_renal_papilla_R_j,VH_F_Ureter_R,Yes,0,0,
VH_F_minor_calyx_R_c,VH_F_Ureter_R,No,0,0,
VH_M_ejaculatory_duct,VH_M_Prostate,Yes,0,0,
VH_M_central_zone_of_prostate_L,VH_M_Prostate,No,0,0,
VH_M_prostate_duct_L,VH_M_Prostate,No,0,0,
VH_M_seminal_vesicle,VH_M_Prostate,Yes,0,0,
VH_M_anterior_fibromuscular_stroma_L,VH_M_Prostate,Yes,0,0,
VH_M_anterior_fibromuscular_stroma_R,VH_M_Prostate,Yes,0,0,
VH_M_peripheral_zone_of_prostate_R,VH_M_Prostate,Yes,0,0,
VH_M_base_of_prostate,VH_M_Prostate,No,0,0,
VH_M_vas_deferens_R,VH_M_Prostate,Yes,0,0,
VH_M_apex_of_prostate,VH_M_Prostate,No,0,0,
VH_M_seminal_colliculus,VH_M_Prostate,No,0,0,
VH_M_central_zone_of_prostate_R,VH_M_Prostate,No,0,0,
VH_M_vas_deferens_L,VH_M_Prostate,Yes,0,0,
VH_M_prostatic_utricle,VH_M_Prostate,No,0,0,
VH_M_prostate_duct_R,VH_M_Prostate,No,0,0,
VH_M_transition_zone_of_prostate_R,VH_M_Prostate,Yes,0,0,
VH_M_transition_zone__of_prostate_L,VH_M_Prostate,Yes,0,0,
VH_M_peripheral_zone_of_prostate_L,VH_M_Prostate,Yes,0,0,
Yao_blood_vasculature,NIH_F_Lymph_Node,No,0,0,
Yao_follicles,NIH_F_Lymph_Node,Yes,0,0,
Yao_medulla_of_lymph_node,NIH_F_Lymph_Node,No,0,0,
Yao_afferent_lymphatic_vessel,NIH_F_Lymph_Node,No,0,0,
Yao_capsule_of_lymph_node,NIH_F_Lymph_Node,No,0,0,
Yao_paracortex,NIH_F_Lymph_Node,Yes,0,0,
Yao_efferent_lymph_node,NIH_F_Lymph_Node,Yes,0,0,
VH_M_skin,VH_M_Skin,Yes,5,5,"HBM253.HFDZ.866,HBM894.PGJZ.258,HBM396.WPKL.954,HBM654.BKGL.942,HBM639.SGGN.469"
VH_F_ureteral_orifice_L,VH_F_Urinary_Bladder,Yes,0,0,
VH_F_fundus_of_urinary_bladder_base,VH_F_Urinary_Bladder,No,0,0,
VH_F_trigone_of_urinary_bladder,VH_F_Urinary_Bladder,No,0,0,
VH_F_ureteral_orifice_R,VH_F_Urinary_Bladder,Yes,0,0,
VH_F_urinary_bladder_neck_smooth_muscle,VH_F_Urinary_Bladder,No,0,0,
VH_F_fundus_of_urinary_bladder_dome,VH_F_Urinary_Bladder,No,0,0,
VH_F_pubis_spongy_bone_R,VH_F_Pelvis,No,0,0,
VH_F_ischium_compact_bone_L,VH_F_Pelvis,Yes,0,0,
VH_F_coccyx,VH_F_Pelvis,Yes,0,0,
VH_F_ilium_compact_bone_L,VH_F_Pelvis,Yes,0,0,
VH_F_ilium_compact_bone_R,VH_F_Pelvis,Yes,0,0,
VH_F_pubis_compact_bone_L,VH_F_Pelvis,Yes,0,0,
VH_F_pubis_compact_bone_R,VH_F_Pelvis,Yes,0,0,
VH_F_pubis_spongy_bone_L,VH_F_Pelvis,Yes,0,0,
VH_F_ischium_spongy_bone_R,VH_F_Pelvis,Yes,0,0,
VH_F_ilium_spongy_bone_R,VH_F_Pelvis,Yes,0,0,
VH_F_ischium_compact_bone_R,VH_F_Pelvis,Yes,0,0,
VH_F_sacrum,VH_F_Pelvis,Yes,0,0,
VH_F_ischium_spongy_bone_L,VH_F_Pelvis,Yes,0,0,
VH_F_ilium_spongy_bone_L,VH_F_Pelvis,Yes,0,0,
Allen_middle_cerebellar_peduncle_R,Allen_M_Brain,Yes,0,0,
Allen_amygdaloid_complex_L,Allen_M_Brain,No,0,0,
Allen_supraparietal_lobule_L,Allen_M_Brain,No,0,0,
Allen_head_of_caudate_R,Allen_M_Brain,Yes,0,0,
Allen_frontal_pole_L,Allen_M_Brain,Yes,0,0,
Allen_fornix_L,Allen_M_Brain,Yes,0,0,
Allen_central_canal_of_medulla_oblongata_L,Allen_M_Brain,Yes,0,0,
Allen_long_insular_gyri_L,Allen_M_Brain,Yes,0,0,
Allen_tail_of_hippocampus_L,Allen_M_Brain,Yes,0,0,
Allen_occipital_pole_R,Allen_M_Brain,No,0,0,
Allen_middle_frontal_gyrus_L,Allen_M_Brain,Yes,0,0,
Allen_septal_nuclei_R,Allen_M_Brain,No,0,0,
Allen_cingulate_gyrus_rostral_anterior_part_R,Allen_M_Brain,Yes,0,0,
Allen_ventral_posterior_medial_nucleus_R,Allen_M_Brain,Yes,0,0,
Allen_tail_of_caudate_R,Allen_M_Brain,No,0,0,
Allen_medial_orbital_gyrus_R,Allen_M_Brain,Yes,0,0,
Allen_gyrus_rectus_straight_gyrus_L,Allen_M_Brain,Yes,0,0,
Allen_frontomarginal_gyrus_L,Allen_M_Brain,Yes,0,0,
Allen_superior_frontal_gyrus_L,Allen_M_Brain,No,0,0,
Allen_corpus_callosum_R,Allen_M_Brain,Yes,0,0,
Allen_posteroventral_putamen_R,Allen_M_Brain,Yes,0,0,
Allen_anterior_nuclear_complex_of_thalamus_R,Allen_M_Brain,Yes,0,0,
Allen_subcallosal_gyrus_parolfactory_gyrus_R,Allen_M_Brain,Yes,0,0,
Allen_white_matter_of_hindbrain_L,Allen_M_Brain,No,0,0,
Allen_body_of_caudate_L,Allen_M_Brain,Yes,0,0,
Allen_frontal_pole_R,Allen_M_Brain,Yes,0,0,
Allen_white_matter_of_forebrain_L,Allen_M_Brain,No,0,0,
Allen_parafascicular_nucleus_of_thalamus_R,Allen_M_Brain,No,0,0,
Allen_anterior_cortical_nucleus_L,Allen_M_Brain,Yes,0,0,
Allen_basomedial_nucleus_accessory_basal_nucleus_L,Allen_M_Brain,Yes,0,0,
Allen_inferior_colliculus_L,Allen_M_Brain,Yes,0,0,
Allen_claustrum_R,Allen_M_Brain,No,0,0,
Allen_limen_insula_L,Allen_M_Brain,Yes,0,0,
Allen_lateral_orbital_gyrus_L,Allen_M_Brain,Yes,0,0,
Allen_body_of_lateral_ventricle_R,Allen_M_Brain,Yes,0,0,
Allen_basal_forebrain_L,Allen_M_Brain,Yes,0,0,
Allen_medial_geniculate_nuclei_L,Allen_M_Brain,Yes,0,0,
Allen_paracentral_lobule_caudal_part_L,Allen_M_Brain,Yes,0,0,
Allen_pyramidal_part_of_medulla_oblongata_R,Allen_M_Brain,Yes,0,0,
Allen_frontal_agranular_insular_cortex_area_Fl_R,Allen_M_Brain,Yes,0,0,
Allen_central_nuclear_group_L,Allen_M_Brain,Yes,0,0,
Allen_nucleus_accumbens_L,Allen_M_Brain,Yes,0,0,
Allen_lateral_orbital_gyrus_R,Allen_M_Brain,Yes,0,0,
Allen_lateral_hemisphere_of_cerebellum_R,Allen_M_Brain,No,0,0,
Allen_cuneus_R,Allen_M_Brain,No,0,0,
Allen_red_nucleus_R,Allen_M_Brain,Yes,0,0,
Allen_habenular_nuclei_L,Allen_M_Brain,Yes,0,0,
Allen_pineal_body_L,Allen_M_Brain,Yes,0,0,
Allen_ingulo_parahippocampal_isthmus_R,Allen_M_Brain,Yes,0,0,
Allen_posterior_parahippocampal_gyrus_L,Allen_M_Brain,Yes,0,0,
Allen_internal_segment_of_globus_pallidus_L,Allen_M_Brain,Yes,0,0,
Allen_midline_nuclear_complex_L,Allen_M_Brain,Yes,0,0,
Allen_ventral_posterior_medial_nucleus_L,Allen_M_Brain,Yes,0,0,
Allen_reuniens_nucleus_medioventral_nucleus_of_thalamus_L,Allen_M_Brain,Yes,0,0,
Allen_head_of_hippocampus_L,Allen_M_Brain,Yes,0,0,
Allen_posterior_horn_of_lateral_ventricle_L,Allen_M_Brain,Yes,0,0,
Allen_subthalamic_nucleus_R,Allen_M_Brain,Yes,0,0,
Allen_cerebral_peduncle_crus_cerebri_L,Allen_M_Brain,Yes,0,0,
Allen_precentral_gyrus_R,Allen_M_Brain,Yes,0,0,
Allen_inferior_horn_of_lateral_ventricle_L,Allen_M_Brain,No,0,0,
Allen_amygdalohippocampal_area_L,Allen_M_Brain,Yes,0,0,
Allen_olfactory_tract_L,Allen_M_Brain,Yes,0,0,
Allen_basolateral_nucleus_basal_nucleus_R,Allen_M_Brain,Yes,0,0,
Allen_white_matter_of_forebrain_R,Allen_M_Brain,No,0,0,
Allen_fourth_ventricle_L,Allen_M_Brain,Yes,0,0,
Allen_mammillary_region_of_HTH_L,Allen_M_Brain,Yes,0,0,
Allen_pyramidal_part_of_medulla_oblongata_L,Allen_M_Brain,Yes,0,0,
Allen_ventral_posterior_lateral_nucleus_L,Allen_M_Brain,Yes,0,0,
Allen_posterior_cortical_nucleus_L,Allen_M_Brain,Yes,0,0,
Allen_preoptic_region_of_HTH_R,Allen_M_Brain,Yes,0,0,
Allen_centromedian_nucleus_of_thalamus_L,Allen_M_Brain,Yes,0,0,
Allen_inferior_cerebellar_peduncle_L,Allen_M_Brain,Yes,0,0,
Allen_mammillothalamic_tract_L,Allen_M_Brain,Yes,0,0,
Allen_frontal_agranular_insular_cortex_area_Fl_L,Allen_M_Brain,Yes,0,0,
Allen_frontomarginal_gyrus_R,Allen_M_Brain,Yes,0,0,
Allen_atrium_of_lateral_ventricle_L,Allen_M_Brain,Yes,0,0,
Allen_middle_temporal_gyrus_R,Allen_M_Brain,No,0,0,
Allen_inferior_olive_L,Allen_M_Brain,Yes,0,0,
Allen_inferior_horn_of_lateral_ventricle_R,Allen_M_Brain,No,0,0,
Allen_temporal_agranular_insular_cortex_area_Tl_L,Allen_M_Brain,Yes,0,0,
Allen_medial_orbital_gyrus_L,Allen_M_Brain,Yes,0,0,
Allen_cuneus_L,Allen_M_Brain,No,0,0,
Allen_superior_temporal_gyrus_R,Allen_M_Brain,No,0,0,
Allen_optic_tract_R,Allen_M_Brain,Yes,0,0,
Allen_midline_nuclear_complex_R,Allen_M_Brain,Yes,0,0,
Allen_parietal_operculum_L,Allen_M_Brain,Yes,0,0,
Allen_body_of_caudate_R,Allen_M_Brain,Yes,0,0,
Allen_inferior_cerebellar_peduncle_R,Allen_M_Brain,Yes,0,0,
Allen_anterior_olfactory_nucleus_R,Allen_M_Brain,Yes,0,0,
Allen_supraparietal_lobule_R,Allen_M_Brain,No,0,0,
Allen_lateral_nucleus_L,Allen_M_Brain,Yes,0,0,
Allen_temporal_pole_R,Allen_M_Brain,Yes,0,0,
Allen_ventral_posterior_lateral_nucleus_R,Allen_M_Brain,Yes,0,0,
Allen_tail_of_caudate_L,Allen_M_Brain,No,0,0,
Allen_posterior_cortical_nucleus_R,Allen_M_Brain,Yes,0,0,
Allen_supramarginal_gyrus_R,Allen_M_Brain,Yes,0,0,
Allen_medial_nucleus_L,Allen_M_Brain,Yes,0,0,
Allen_tegmentum_of_medulla_oblongata_R,Allen_M_Brain,Yes,0,0,
Allen_paracentral_lobule_rostral_part_L,Allen_M_Brain,Yes,0,0,
Allen_fourth_ventricle_R,Allen_M_Brain,Yes,0,0,
Allen_pulvinar_of_thalamus_L,Allen_M_Brain,Yes,0,0,
Allen_cerebellar_vermis_L,Allen_M_Brain,No,0,0,
Allen_bed_nucleus_of_stria_terminalis_R,Allen_M_Brain,No,0,0,
Allen_body_of_lateral_ventricle_L,Allen_M_Brain,Yes,0,0,
Allen_cingulate_gyrus_rostral_anterior_part_L,Allen_M_Brain,Yes,0,0,
Allen_temporal_agranular_insular_cortex_area_Tl_R,Allen_M_Brain,Yes,0,0,
Allen_medial_geniculate_nuclei_R,Allen_M_Brain,Yes,0,0,
Allen_lateral_posterior_nucleus_of_thalamus_R,Allen_M_Brain,Yes,0,0,
Allen_parietal_operculum_R,Allen_M_Brain,Yes,0,0,
Allen_limen_insula_R,Allen_M_Brain,Yes,0,0,
Allen_dorsal_lateral_geniculate_nucleus_R,Allen_M_Brain,Yes,0,0,
Allen_inferior_olive_R,Allen_M_Brain,Yes,0,0,
Allen_midbrain_tegmentum_R,Allen_M_Brain,No,0,0,
Allen_anterior_parahippocampal_gyrus_R,Allen_M_Brain,Yes,0,0,
Allen_posterior_horn_of_lateral_ventricle_R,Allen_M_Brain,Yes,0,0,
Allen_occipitotemporal_fusiform_gyrus_temporal_part_L,Allen_M_Brain,Yes,0,0,
Allen_centromedian_nucleus_of_thalamus_R,Allen_M_Brain,Yes,0,0,
Allen_tuberal_region_of_HTH_L,Allen_M_Brain,Yes,0,0,
Allen_amygdaloid_complex_R,Allen_M_Brain,No,0,0,
Allen_posterior_intermediate_orbital_gyrus_L,Allen_M_Brain,Yes,0,0,
Allen_anterior_parahippocampal_gyrus_L,Allen_M_Brain,Yes,0,0,
Allen_optic_tract_L,Allen_M_Brain,Yes,0,0,
Allen_optic_radiation_L,Allen_M_Brain,Yes,0,0,
Allen_pretectal_region_R,Allen_M_Brain,Yes,0,0,
Allen_septal_nuclei_L,Allen_M_Brain,No,0,0,
Allen_mediodorsal_nucleus_of_thalamus_R,Allen_M_Brain,Yes,0,0,
Allen_pretectal_region_L,Allen_M_Brain,Yes,0,0,
Allen_planum_polare_R,Allen_M_Brain,Yes,0,0,
Allen_anterior_intermediate_orbital_gyrus_R,Allen_M_Brain,Yes,0,0,
Allen_anterior_commissure_L,Allen_M_Brain,Yes,0,0,
Allen_inferior_occipital_gyrus_L,Allen_M_Brain,Yes,0,0,
Allen_postcentral_gyrus_R,Allen_M_Brain,Yes,0,0,
Allen_anterior_amygdaloid_area_L,Allen_M_Brain,Yes,0,0,
Allen_cerebral_peduncle_crus_cerebri_R,Allen_M_Brain,Yes,0,0,
Allen_angular_gyrus_L,Allen_M_Brain,Yes,0,0,
Allen_zona_incerta_L,Allen_M_Brain,Yes,0,0,
Allen_posteroventral_putamen_L,Allen_M_Brain,Yes,0,0,
Allen_hypothalamus_L,Allen_M_Brain,No,0,0,
Allen_body_of_hippocampus_L,Allen_M_Brain,Yes,0,0,
Allen_bed_nucleus_of_stria_terminalis_L,Allen_M_Brain,No,0,0,
Allen_temporal_pole_L,Allen_M_Brain,Yes,0,0,
Allen_lateral_nucleus_R,Allen_M_Brain,Yes,0,0,
Allen_precuneus_R,Allen_M_Brain,No,0,0,
Allen_perirhinal_gyrus_rostral_part_of_FuGt_R,Allen_M_Brain,Yes,0,0,
Allen_midbrain_tegmentum_L,Allen_M_Brain,No,0,0,
Allen_cerebral_aqueduct_L,Allen_M_Brain,Yes,0,0,
Allen_inferior_frontal_gyrus_triangular_part_L,Allen_M_Brain,Yes,0,0,
Allen_putamen_L,Allen_M_Brain,Yes,0,0,
Allen_lateral_posterior_nucleus_of_thalamus_L,Allen_M_Brain,Yes,0,0,
Allen_medial_nucleus_R,Allen_M_Brain,Yes,0,0,
Allen_pontine_tegmentum_R,Allen_M_Brain,No,0,0,
Allen_head_of_hippocampus_R,Allen_M_Brain,Yes,0,0,
Allen_precentral_gyrus_L,Allen_M_Brain,Yes,0,0,
Allen_hypothalamus_R,Allen_M_Brain,No,0,0,
Allen_central_canal_of_medulla_oblongata_R,Allen_M_Brain,Yes,0,0,
Allen_inferior_colliculus_R,Allen_M_Brain,Yes,0,0,
Allen_ingulo_parahippocampal_isthmus_L,Allen_M_Brain,Yes,0,0,
Allen_basomedial_nucleus_accessory_basal_nucleus_R,Allen_M_Brain,Yes,0,0,
Allen_thalamus_L,Allen_M_Brain,No,0,0,
Allen_supramarginal_gyrus_L,Allen_M_Brain,Yes,0,0,
Allen_ventral_lateral_nucleus_of_thalamus_L,Allen_M_Brain,Yes,0,0,
Allen_short_insular_gyri_L,Allen_M_Brain,Yes,0,0,
Allen_putamen_R,Allen_M_Brain,Yes,0,0,
Allen_mammillothalamic_tract_R,Allen_M_Brain,Yes,0,0,
Allen_tuberal_region_of_HTH_R,Allen_M_Brain,Yes,0,0,
Allen_ventral_lateral_nucleus_of_thalamus_R,Allen_M_Brain,Yes,0,0,
Allen_reuniens_nucleus_medioventral_nucleus_of_thalamus_R,Allen_M_Brain,Yes,0,0,
Allen_piriform_region_L,Allen_M_Brain,No,0,0,
Allen_inferior_temporal_gyrus_L,Allen_M_Brain,No,0,0,
Allen_posterior_intermediate_orbital_gyrus_R,Allen_M_Brain,Yes,0,0,
Allen_superior_frontal_gyrus_R,Allen_M_Brain,No,0,0,
Allen_supraoptic_region_of_HTH_L,Allen_M_Brain,No,0,0,
Allen_anterior_horn_of_lateral_ventricle_R,Allen_M_Brain,Yes,0,0,
Allen_head_of_caudate_L,Allen_M_Brain,Yes,0,0,
Allen_olfactory_bulb_R,Allen_M_Brain,Yes,0,0,
Allen_superior_cerebellar_peduncle_brachium_conjunctivum_L,Allen_M_Brain,Yes,0,0,
Allen_subthalamic_nucleus_L,Allen_M_Brain,Yes,0,0,
Allen_white_matter_of_hindbrain_R,Allen_M_Brain,No,0,0,
Allen_paracingulate_gyrus_L,Allen_M_Brain,No,0,0,
Allen_piriform_region_R,Allen_M_Brain,No,0,0,
Allen_gyrus_ambiens_L,Allen_M_Brain,Yes,0,0,
Allen_cerebral_aqueduct_R,Allen_M_Brain,Yes,0,0,
Allen_amygdalohippocampal_area_R,Allen_M_Brain,Yes,0,0,
Allen_gyrus_ambiens_R,Allen_M_Brain,Yes,0,0,
Allen_paracentral_lobule_rostral_part_R,Allen_M_Brain,Yes,0,0,
Allen_tegmentum_of_medulla_oblongata_L,Allen_M_Brain,Yes,0,0,
Allen_paracentral_lobule_caudal_part_R,Allen_M_Brain,Yes,0,0,
Allen_perirhinal_gyrus_rostral_part_of_FuGt_L,Allen_M_Brain,Yes,0,0,
Allen_superior_occipital_gyrus_L,Allen_M_Brain,No,0,0,
Allen_lingual_gyrus_medial_occipitotemporal_gyrus_L,Allen_M_Brain,Yes,0,0,
Allen_occipitotemporal_fusiform_gyrus_temporal_part_R,Allen_M_Brain,Yes,0,0,
Allen_dorsal_lateral_geniculate_nucleus_L,Allen_M_Brain,Yes,0,0,
Allen_anterior_commissure_R,Allen_M_Brain,Yes,0,0,
Allen_optic_radiation_R,Allen_M_Brain,Yes,0,0,
Allen_lateral_dorsal_nucleus_of_thalamus_R,Allen_M_Brain,Yes,0,0,
Allen_basilar_part_of_pons_L,Allen_M_Brain,Yes,0,0,
Allen_corpus_callosum_L,Allen_M_Brain,Yes,0,0,
Allen_superior_colliculus_R,Allen_M_Brain,Yes,0,0,
Allen_frontal_operculum_R,Allen_M_Brain,Yes,0,0,
Allen_nucleus_accumbens_R,Allen_M_Brain,Yes,0,0,
Allen_lateral_occipitotemporal_fusiform_gyrus_occipital_part_L,Allen_M_Brain,Yes,0,0,
Allen_substantia_nigra_R,Allen_M_Brain,Yes,0,0,
Allen_gyrus_rectus_straight_gyrus_R,Allen_M_Brain,Yes,0,0,
Allen_third_ventricle_R,Allen_M_Brain,Yes,0,0,
Allen_pineal_body_R,Allen_M_Brain,Yes,0,0,
Allen_substantia_nigra_L,Allen_M_Brain,Yes,0,0,
Allen_zona_incerta_R,Allen_M_Brain,Yes,0,0,
Allen_central_nuclear_group_R,Allen_M_Brain,Yes,0,0,
Allen_superior_occipital_gyrus_R,Allen_M_Brain,No,0,0,
Allen_middle_temporal_gyrus_L,Allen_M_Brain,No,0,0,
Allen_lingual_gyrus_medial_occipitotemporal_gyrus_R,Allen_M_Brain,Yes,0,0,
Allen_rostral_gyrus_R,Allen_M_Brain,Yes,0,0,
Allen_cingulate_gyrus_caudal_posterior_part_L,Allen_M_Brain,No,0,0,
Allen_pontine_tegmentum_L,Allen_M_Brain,No,0,0,
Allen_basal_forebrain_R,Allen_M_Brain,Yes,0,0,
Allen_angular_gyrus_R,Allen_M_Brain,Yes,0,0,
Allen_ventral_anterior_nucleus_of_thalamus_L,Allen_M_Brain,No,0,0,
Allen_external_segment_of_globus_pallidus_R,Allen_M_Brain,Yes,0,0,
Allen_anterior_amygdaloid_area_R,Allen_M_Brain,Yes,0,0,
VH_M_optic_chiasm,Allen_M_Brain,Yes,0,0,
Allen_fornix_R,Allen_M_Brain,Yes,0,0,
Allen_superior_temporal_gyrus_L,Allen_M_Brain,No,0,0,
Allen_superior_colliculus_L,Allen_M_Brain,Yes,0,0,
Allen_cerebellar_deep_nuclei_R,Allen_M_Brain,Yes,0,0,
Allen_lateral_occipitotemporal_fusiform_gyrus_occipital_part_R,Allen_M_Brain,Yes,0,0,
Allen_occipital_pole_L,Allen_M_Brain,No,0,0,
Allen_anterior_nuclear_complex_of_thalamus_L,Allen_M_Brain,Yes,0,0,
Allen_third_ventricle_L,Allen_M_Brain,Yes,0,0,
Allen_mammillary_region_of_HTH_R,Allen_M_Brain,Yes,0,0,
Allen_anterior_intermediate_orbital_gyrus_L,Allen_M_Brain,Yes,0,0,
Allen_frontal_operculum_L,Allen_M_Brain,Yes,0,0,
Allen_middle_cerebellar_peduncle_L,Allen_M_Brain,Yes,0,0,
Allen_subcallosal_gyrus_parolfactory_gyrus_L,Allen_M_Brain,Yes,0,0,
Allen_mediodorsal_nucleus_of_thalamus_L,Allen_M_Brain,Yes,0,0,
Allen_parafascicular_nucleus_of_thalamus_L,Allen_M_Brain,No,0,0,
Allen_inferior_frontal_gyrus_opercular_part_L,Allen_M_Brain,Yes,0,0,
Allen_lateral_hemisphere_of_cerebellum_L,Allen_M_Brain,No,0,0,
Allen_internal_segment_of_globus_pallidus_R,Allen_M_Brain,Yes,0,0,
Allen_planum_temporale_L,Allen_M_Brain,Yes,0,0,
Allen_basilar_part_of_pons_R,Allen_M_Brain,Yes,0,0,
Allen_tail_of_hippocampus_R,Allen_M_Brain,Yes,0,0,
Allen_supraoptic_region_of_HTH_R,Allen_M_Brain,No,0,0,
Allen_transverse_temporal_gyrus_Heschls_gyrus_R,Allen_M_Brain,Yes,0,0,
Allen_transverse_temporal_gyrus_Heschls_gyrus_L,Allen_M_Brain,Yes,0,0,
Allen_long_insular_gyri_R,Allen_M_Brain,Yes,0,0,
Allen_anterior_horn_of_lateral_ventricle_L,Allen_M_Brain,Yes,0,0,
Allen_body_of_hippocampus_R,Allen_M_Brain,Yes,0,0,
Allen_external_segment_of_globus_pallidus_L,Allen_M_Brain,Yes,0,0,
Allen_red_nucleus_L,Allen_M_Brain,Yes,0,0,
Allen_habenular_nuclei_R,Allen_M_Brain,Yes,0,0,
Allen_paracingulate_gyrus_R,Allen_M_Brain,No,0,0,
Allen_cerebellar_vermis_R,Allen_M_Brain,No,0,0,
Allen_precuneus_L,Allen_M_Brain,No,0,0,
Allen_inferior_occipital_gyrus_R,Allen_M_Brain,Yes,0,0,
Allen_superior_cerebellar_peduncle_brachium_conjunctivum_R,Allen_M_Brain,Yes,0,0,
Allen_paravermis_of_cerebellum_L,Allen_M_Brain,No,0,0,
Allen_planum_temporale_R,Allen_M_Brain,Yes,0,0,
Allen_basolateral_nucleus_basal_nucleus_L,Allen_M_Brain,Yes,0,0,
Allen_olfactory_tract_R,Allen_M_Brain,Yes,0,0,
Allen_cingulate_gyrus_caudal_posterior_part_R,Allen_M_Brain,No,0,0,
Allen_posterior_parahippocampal_gyrus_R,Allen_M_Brain,Yes,0,0,
Allen_inferior_temporal_gyrus_R,Allen_M_Brain,No,0,0,
Allen_inferior_frontal_gyrus_opercular_part_R,Allen_M_Brain,Yes,0,0,
Allen_lateral_olfactory_gyrus_L,Allen_M_Brain,Yes,0,0,
Allen_anterior_olfactory_nucleus_L,Allen_M_Brain,Yes,0,0,
Allen_olfactory_bulb_L,Allen_M_Brain,Yes,0,0,
Allen_pulvinar_of_thalamus_R,Allen_M_Brain,Yes,0,0,
Allen_preoptic_region_of_HTH_L,Allen_M_Brain,Yes,0,0,
Allen_cerebellar_deep_nuclei_L,Allen_M_Brain,Yes,0,0,
Allen_claustrum_L,Allen_M_Brain,No,0,0,
Allen_paravermis_of_cerebellum_R,Allen_M_Brain,No,0,0,
Allen_ventral_anterior_nucleus_of_thalamus_R,Allen_M_Brain,No,0,0,
Allen_middle_frontal_gyrus_R,Allen_M_Brain,Yes,0,0,
Allen_lateral_olfactory_gyrus_R,Allen_M_Brain,Yes,0,0,
Allen_planum_polare_L,Allen_M_Brain,Yes,0,0,
Allen_anterior_cortical_nucleus_R,Allen_M_Brain,Yes,0,0,
Allen_lateral_dorsal_nucleus_of_thalamus_L,Allen_M_Brain,Yes,0,0,
Allen_atrium_of_lateral_ventricle_R,Allen_M_Brain,Yes,0,0,
Allen_rostral_gyrus_L,Allen_M_Brain,Yes,0,0,
Allen_inferior_frontal_gyrus_triangular_part_R,Allen_M_Brain,Yes,0,0,
Allen_postcentral_gyrus_L,Allen_M_Brain,Yes,0,0,
Allen_short_insular_gyri_R,Allen_M_Brain,Yes,0,0,
Allen_thalamus_R,Allen_M_Brain,No,0,0,
VH_F_corneo_scleral_junction_L,VH_F_Eye_L,Yes,0,0,
VH_F_ora_serrata_of_retina_L,VH_F_Eye_L,No,0,0,
VH_F_optic_disc_L,VH_F_Eye_L,No,0,0,
VH_F_sclera_L,VH_F_Eye_L,Yes,0,0,
VH_F_ciliary_muscle_L,VH_F_Eye_L,No,0,0,
VH_F_cornea_L,VH_F_Eye_L,Yes,0,0,
VH_F_bulbar_conjunctiva_L,VH_F_Eye_L,No,0,0,
VH_F_aqueous_humor_L,VH_F_Eye_L,Yes,0,0,
VH_F_palpebral_conjunctiva_of_left_lower_eyelid,VH_F_Eye_L,No,0,0,
VH_F_ciliary_processes_L,VH_F_Eye_L,No,0,0,
VH_F_palpebral_conjunctiva_of_left_upper_eyelid,VH_F_Eye_L,Yes,0,0,
VH_F_pupil_L,VH_F_Eye_L,No,0,0,
VH_F_trabecular_meshwork_L,VH_F_Eye_L,Yes,0,0,
VH_F_vitreous_humor_L,VH_F_Eye_L,Yes,0,0,
VH_F_iris_L,VH_F_Eye_L,Yes,0,0,
VH_F_lens_L,VH_F_Eye_L,Yes,0,0,
VH_F_schlemms_canal_L,VH_F_Eye_L,Yes,0,0,
VH_F_macula_lutea_L,VH_F_Eye_L,Yes,0,0,
VH_F_ciliary_body_L,VH_F_Eye_L,Yes,0,0,
VH_F_retina_L,VH_F_Eye_L,Yes,0,0,
VH_F_optic_choroid_L,VH_F_Eye_L,Yes,0,0,
VH_F_suspensory_ligament_of_lens_L,VH_F_Eye_L,No,0,0,
VH_F_fovea_L,VH_F_Eye_L,Yes,0,0,
VH_M_renal_impression_of_liver,VH_M_Liver,No,0,0,
VH_M_left_posterolateral_segment,VH_M_Liver,No,0,0,
VH_M_esophageal_impression_of_liver,VH_M_Liver,No,0,0,
VH_M_falciform_ligament,VH_M_Liver,Yes,0,0,
VH_M_right_anterosuperior_segment,VH_M_Liver,Yes,0,0,
VH_M_caudate_lobe_of_liver,VH_M_Liver,Yes,0,0,
VH_M_left_inferomedial_segment,VH_M_Liver,No,0,0,
VH_M_coronary_ligament_of_liver,VH_M_Liver,Yes,0,0,
VH_M_left_anterolateral_segment,VH_M_Liver,No,1,0,
VH_M_right_anteroinferior_segment,VH_M_Liver,No,0,0,
VH_M_colic_impression_of_liver,VH_M_Liver,Yes,0,0,
VH_M_quadrate_lobe_of_liver,VH_M_Liver,No,0,0,
VH_M_ligamentum_venosum,VH_M_Liver,Yes,0,0,
VH_M_hepataduodenal_ligament,VH_M_Liver,No,0,0,
VH_M_left_superiomedial_segment,VH_M_Liver,No,0,0,
VH_M_liver_capsule,VH_M_Liver,Yes,0,0,
VH_M_bare_area_of_liver,VH_M_Liver,No,0,0,
VH_M_diaphragmatic_surface,VH_M_Liver,No,1,0,
VH_M_round_ligament_of_liver,VH_M_Liver,Yes,0,0,
VH_M_duodenal_impression_of_liver,VH_M_Liver,No,0,0,
VH_M_right_posteroinferior_segment,VH_M_Liver,Yes,0,0,
VH_M_right_posterosuperior_segment,VH_M_Liver,No,0,0,
VH_M_suprarenal_impression_of_liver,VH_M_Liver,No,0,0,
VH_M_triangular_ligament_of_liver,VH_M_Liver,Yes,0,0,
VH_M_gastric_impression_of_liver,VH_M_Liver,No,0,0,
VH_M_porta_hepatis,VH_M_Liver,Yes,0,0,
VH_F_isthmus_of_fallopian_tube_R,VH_F_Fallopian_Tube_R,No,0,0,
VH_F_ampulla_of_uterine_tube_R,VH_F_Fallopian_Tube_R,Yes,0,0,
VH_F_fibria_of_uterine_tube_R,VH_F_Fallopian_Tube_R,No,0,0,
VH_F_uterine_tube_infundibulum_R,VH_F_Fallopian_Tube_R,Yes,0,0,
VH_F_major_calyx_L_c,VH_F_Ureter_L,No,0,0,
VH_F_renal_papilla_L_d,VH_F_Ureter_L,Yes,0,0,
VH_F_renal_papilla_L_g,VH_F_Ureter_L,Yes,0,0,
VH_F_major_calyx_L_b,VH_F_Ureter_L,No,0,0,
VH_F_renal_papilla_L_a,VH_F_Ureter_L,Yes,0,0,
VH_F_minor_calyx_L_h,VH_F_Ureter_L,No,0,0,
VH_F_renal_papilla_L_h,VH_F_Ureter_L,Yes,0,0,
VH_F_minor_calyx_L_e,VH_F_Ureter_L,Yes,0,0,
VH_F_minor_calyx_L_a,VH_F_Ureter_L,No,0,0,
VH_F_renal_papilla_L_f,VH_F_Ureter_L,Yes,0,0,
VH_F_renal_papilla_L_e,VH_F_Ureter_L,Yes,0,0,
VH_F_minor_calyx_L_c,VH_F_Ureter_L,No,0,0,
VH_F_major_calyx_L_d,VH_F_Ureter_L,No,0,0,
VH_F_renal_papilla_L_k,VH_F_Ureter_L,Yes,0,0,
VH_F_renal_papilla_L_i,VH_F_Ureter_L,Yes,0,0,
VH_F_renal_papilla_L_c,VH_F_Ureter_L,Yes,0,0,
VH_F_minor_calyx_L_j,VH_F_Ureter_L,No,0,0,
VH_F_minor_calyx_L_d,VH_F_Ureter_L,No,0,0,
VH_F_renal_papilla_L_j,VH_F_Ureter_L,Yes,0,0,
VH_F_major_calyx_L_a,VH_F_Ureter_L,No,0,0,
VH_F_minor_calyx_L_g,VH_F_Ureter_L,No,0,0,
VH_F_minor_calyx_L_b,VH_F_Ureter_L,No,0,0,
VH_F_minor_calyx_L_i,VH_F_Ureter_L,No,0,0,
VH_F_renal_pelvis_L,VH_F_Ureter_L,No,0,0,
VH_F_left_ureter,VH_F_Ureter_L,Yes,3,0,
VH_F_minor_calyx_L_f,VH_F_Ureter_L,No,0,0,
VH_F_renal_papilla_L_b,VH_F_Ureter_L,Yes,0,0,
VH_F_right_cardiac_atrium,VH_F_Heart,Yes,0,0,
VH_F_papillary_muscle_of_heart_med,VH_F_Heart,Yes,0,0,
VH_F_right_ventricle,VH_F_Heart,No,1,0,
VH_F_left_ventricle,VH_F_Heart,Yes,6,0,
VH_F_papillary_muscle_of_heart_ant,VH_F_Heart,Yes,0,0,
VH_F_aortic_valve,VH_F_Heart,Yes,0,0,
VH_F_papillary_muscle_of_heart_pos,VH_F_Heart,Yes,0,0,
VH_F_left_cardiac_atrium,VH_F_Heart,No,0,0,
VH_F_tricuspid_valve,VH_F_Heart,No,0,0,
VH_F_papillary_muscle_of_heart_posmed,VH_F_Heart,Yes,0,0,
VH_F_mitral_valve,VH_F_Heart,No,0,0,
VH_F_pulmonary_valve,VH_F_Heart,No,0,0,
VH_F_papillary_muscle_of_heart_antlat,VH_F_Heart,Yes,0,0,
VH_F_interventricular_septum,VH_F_Heart,Yes,1,0,
VH_F_lateral_perichondular_surface_R,VH_F_Knee_R,Yes,0,0,
VH_F_posterior_cruciate_enthesis_R,VH_F_Knee_R,No,0,0,
VH_F_medial_condyle_of_right_femur_sup,VH_F_Knee_R,Yes,0,0,
VH_F_trochlear_groove_R,VH_F_Knee_R,No,0,0,
VH_F_fibula_R,VH_F_Knee_R,Yes,0,0,
VH_F_intercondylar_fossa_R,VH_F_Knee_R,Yes,0,0,
VH_F_articular_cartilage_of_knee_R,VH_F_Knee_R,Yes,2,0,
VH_F_lateral_condyle_of_femur_sup_R,VH_F_Knee_R,Yes,0,0,
VH_F_tibia_R,VH_F_Knee_R,Yes,0,0,
VH_F_medial_condyle_of_right_femur_inf,VH_F_Knee_R,Yes,2,0,
VH_F_patella_R,VH_F_Knee_R,Yes,0,0,
VH_F_medial_epicondylar_enthesis_R,VH_F_Knee_R,No,0,0,
VH_F_meniscus_R,VH_F_Knee_R,Yes,2,0,
VH_F_medial_perichondular_surface_R,VH_F_Knee_R,Yes,0,0,
VH_F_lateral_condyle_of_femur_frontal_R,VH_F_Knee_R,Yes,0,0,
VH_F_distal_most_point_of_medial_condyle_R,VH_F_Knee_R,Yes,2,0,
VH_F_lateral_epicondylar_enthesis_R,VH_F_Knee_R,No,0,0,
VH_F_lateral_condyle_of_femur_inf_R,VH_F_Knee_R,Yes,0,0,
VH_F_anterior_cruciate_enthesis_R,VH_F_Knee_R,No,0,0,
VH_F_femur_R,VH_F_Knee_R,Yes,2,0,
VH_M_macula_lutea_R,VH_M_Eye_R,Yes,0,0,
VH_M_ciliary_muscle_R,VH_M_Eye_R,No,0,0,
VH_M_palpebral_conjunctiva_of_lower_eyelid_R,VH_M_Eye_R,No,0,0,
VH_M_pupil_R,VH_M_Eye_R,No,0,0,
VH_M_palpebral_conjunctiva_of_upper_eyelid_R,VH_M_Eye_R,Yes,0,0,
VH_M_optic_choroid_R,VH_M_Eye_R,Yes,0,0,
VH_M_corneo_scleral_junction_R,VH_M_Eye_R,Yes,0,0,
VH_M_iris_R,VH_M_Eye_R,Yes,0,0,
VH_M_optic_disc_R,VH_M_Eye_R,No,0,0,
VH_M_ciliary_body_R,VH_M_Eye_R,Yes,0,0,
VH_M_ora_serrata_of_retina_R,VH_M_Eye_R,No,0,0,
VH_M_fovea_R,VH_M_Eye_R,Yes,0,0,
VH_M_retina_R,VH_M_Eye_R,Yes,0,0,
VH_M_ciliary_processes_R,VH_M_Eye_R,No,0,0,
VH_M_bulbar_conjunctiva_R,VH_M_Eye_R,No,0,0,
VH_M_schlemms_canal_R,VH_M_Eye_R,Yes,0,0,
VH_M_sclera_R,VH_M_Eye_R,Yes,0,0,
VH_M_cornea_R,VH_M_Eye_R,Yes,0,0,
VH_M_suspensory_ligament_of_lens_R,VH_M_Eye_R,Yes,0,0,
VH_M_trabecular_meshwork_R,VH_M_Eye_R,Yes,0,0,
VH_M_lens_R,VH_M_Eye_R,Yes,0,0,
VH_M_vitreous_humor_R,VH_M_Eye_R,Yes,0,0,
VH_M_aqueous_humor_R,VH_M_Eye_R,No,0,0,
VH_F_left_superomedial_segment1,VH_F_Liver,No,0,0,
VH_F_suprarenal_impression_of_liver,VH_F_Liver,No,0,0,
VH_F_quadrate_lobe,VH_F_Liver,No,0,0,
VH_F_renal_impression_of_liver,VH_F_Liver,No,0,0,
VH_F_coronary_ligament_of_liver,VH_F_Liver,Yes,0,0,
VH_F_ligamentum_venosum,VH_F_Liver,Yes,0,0,
VH_F_bare_area_of_liver,VH_F_Liver,Yes,0,0,
VH_F_round_ligament_of_liver,VH_F_Liver,Yes,0,0,
VH_F_right_posterosuperior_segment,VH_F_Liver,Yes,0,0,
VH_F_hepataduodenal_ligament,VH_F_Liver,Yes,0,0,
VH_F_gastric_impression_of_liver,VH_F_Liver,No,0,0,
VH_F_porta_hepatis,VH_F_Liver,Yes,0,0,
VH_F_right_posteroinferior_segment,VH_F_Liver,Yes,0,0,
VH_F_right_anterosuperior_segment,VH_F_Liver,No,0,0,
VH_F_falciform_ligament,VH_F_Liver,Yes,0,0,
VH_F_left_inferomedial_segment,VH_F_Liver,No,0,0,
VH_F_triangular_ligament_of_liver,VH_F_Liver,No,0,0,
VH_F_duodenal_impression_of_liver,VH_F_Liver,No,0,0,
VH_F_esophageal_impression_of_liver,VH_F_Liver,Yes,0,0,
VH_F_capsule_of_the_liver,VH_F_Liver,Yes,1,0,
VH_F_caudate_lobe,VH_F_Liver,No,0,0,
VH_F_right_anteroinferior_segment,VH_F_Liver,Yes,0,0,
VH_F_colic_impression_of_liver,VH_F_Liver,No,0,0,
VH_F_diaphragmatic_surface_of_liver,VH_F_Liver,Yes,1,0,
VH_F_left_superomedial_segment,VH_F_Liver,Yes,0,0,
VH_F_left_anterolateral_segment,VH_F_Liver,No,1,0,
VH_F_jejenum,VH_F_Small_Intestine,No,2,0,
VH_F_duodenum_descending,VH_F_Small_Intestine,No,8,0,
VH_F_ileum_terminal,VH_F_Small_Intestine,No,8,0,
VH_F_duodenum_horizontal,VH_F_Small_Intestine,No,8,0,
VH_F_duodenum_ascending,VH_F_Small_Intestine,No,8,0,
VH_F_duodenal_ampulla,VH_F_Small_Intestine,No,0,0,
VH_F_ileum,VH_F_Small_Intestine,No,8,0,
VH_F_sphincter_of_heptopancreatic_ampulla,VH_F_Small_Intestine,No,0,0,
VH_F_duodenum_superior,VH_F_Small_Intestine,Yes,8,0,
VH_F_renal_pyramid_R_a,VH_F_Kidney_R,Yes,0,0,
VH_F_renal_column_R,VH_F_Kidney_R,No,0,0,
VH_F_renal_pyramid_R_e,VH_F_Kidney_R,Yes,0,0,
VH_F_renal_pyramid_R_c,VH_F_Kidney_R,Yes,0,0,
VH_F_kidney_capsule_R,VH_F_Kidney_R,Yes,1,1,HBM537.LTFK.379
VH_F_renal_pyramid_R_g,VH_F_Kidney_R,Yes,0,0,
VH_F_hilum_of_kidney_R,VH_F_Kidney_R,No,0,0,
VH_F_renal_pyramid_R_h,VH_F_Kidney_R,Yes,0,0,
VH_F_renal_pyramid_R_j,VH_F_Kidney_R,Yes,0,0,
VH_F_renal_pyramid_R_i,VH_F_Kidney_R,Yes,1,1,HBM839.TQNM.958
VH_F_renal_pyramid_R_f,VH_F_Kidney_R,Yes,0,0,
VH_F_outer_cortex_of_kidney_R,VH_F_Kidney_R,No,2,1,HBM537.LTFK.379
VH_F_renal_pyramid_R_b,VH_F_Kidney_R,Yes,0,0,
VH_F_renal_pyramid_R_d,VH_F_Kidney_R,Yes,0,0,
VH_F_cervix,VH_F_Uterus,No,0,0,
VH_F_cornua,VH_F_Uterus,Yes,0,0,
VH_F_body_of_uterus,VH_F_Uterus,Yes,0,0,
VH_F_anterior_wall_of_uterus,VH_F_Uterus,No,0,0,
VH_F_lower_uterine_segment,VH_F_Uterus,Yes,0,0,
VH_F_fundus_of_uterus,VH_F_Uterus,No,0,0,
VH_F_external_cervical_os,VH_F_Uterus,Yes,0,0,
VH_F_posterior_wall_of_uterus,VH_F_Uterus,No,0,0,
VH_F_abdominal_ostium_of_uterine_tube,VH_F_Uterus,Yes,0,0,
VH_F_internal_cervical_os,VH_F_Uterus,Yes,0,0,
VH_M_urinary_bladder_neck_smooth_muscle,VH_M_Urinary_Bladder,No,0,0,
VH_M_fundus_of_urinary_bladder_base1,VH_M_Urinary_Bladder,No,0,0,
VH_M_ureteral_orifice_L,VH_M_Urinary_Bladder,Yes,0,0,
VH_M_ureteral_orifice_R,VH_M_Urinary_Bladder,Yes,0,0,
VH_M_fundus_of_urinary_bladder_dome,VH_M_Urinary_Bladder,No,0,0,
VH_M_trigone_of_urinary_bladder,VH_M_Urinary_Bladder,No,0,0,
VH_M_renal_pyramid_L_c,VH_M_Kidney_L,Yes,0,0,
VH_M_renal_pyramid_L_i,VH_M_Kidney_L,Yes,1,0,
VH_M_renal_pyramid_L_d,VH_M_Kidney_L,Yes,0,0,
VH_M_kidney_capsule_L,VH_M_Kidney_L,No,0,0,
VH_M_renal_papilla_L_c,VH_M_Kidney_L,Yes,0,0,
VH_M_renal_papilla_L_i,VH_M_Kidney_L,Yes,0,0,
VH_M_renal_column_L,VH_M_Kidney_L,No,0,0,
VH_M_renal_pyramid_L_e,VH_M_Kidney_L,Yes,0,0,
VH_M_renal_papilla_L_e,VH_M_Kidney_L,Yes,0,0,
VH_M_renal_pyramid_L_a,VH_M_Kidney_L,Yes,0,0,
VH_M_renal_papilla_L_b,VH_M_Kidney_L,Yes,0,0,
VH_M_renal_pyramid_L_g,VH_M_Kidney_L,Yes,0,0,
VH_M_renal_papilla_L_g,VH_M_Kidney_L,Yes,0,0,
VH_M_outer_cortex_of_kidney_L,VH_M_Kidney_L,No,3,4,"HBM892.MXFF.848,HBM264.RWRW.668,HBM773.WCXC.264,HBM268.RGJT.587"
VH_M_renal_papilla_L_h,VH_M_Kidney_L,Yes,0,0,
VH_M_renal_papilla_L_a,VH_M_Kidney_L,Yes,0,0,
VH_M_renal_pyramid_L_h,VH_M_Kidney_L,Yes,0,0,
VH_M_renal_papilla_L_f,VH_M_Kidney_L,Yes,0,0,
VH_M_renal_papilla_L_d,VH_M_Kidney_L,Yes,0,0,
VH_M_hilum_of_kidney_L,VH_M_Kidney_L,Yes,0,0,
VH_M_renal_pyramid_L_f,VH_M_Kidney_L,Yes,0,0,
VH_M_renal_pyramid_L_b,VH_M_Kidney_L,Yes,0,0,
Allen_middle_cerebellar_peduncle_R,Allen_F_Brain,Yes,0,0,
Allen_amygdaloid_complex_L,Allen_F_Brain,No,0,0,
Allen_supraparietal_lobule_L,Allen_F_Brain,No,0,0,
Allen_head_of_caudate_R,Allen_F_Brain,Yes,0,0,
Allen_frontal_pole_L,Allen_F_Brain,Yes,0,0,
Allen_fornix_L,Allen_F_Brain,Yes,0,0,
Allen_central_canal_of_medulla_oblongata_L,Allen_F_Brain,Yes,0,0,
Allen_long_insular_gyri_L,Allen_F_Brain,Yes,0,0,
Allen_tail_of_hippocampus_L,Allen_F_Brain,Yes,0,0,
Allen_occipital_pole_R,Allen_F_Brain,No,0,0,
Allen_middle_frontal_gyrus_L,Allen_F_Brain,Yes,0,0,
Allen_septal_nuclei_R,Allen_F_Brain,No,0,0,
Allen_cingulate_gyrus_rostral_anterior_part_R,Allen_F_Brain,Yes,0,0,
Allen_ventral_posterior_medial_nucleus_R,Allen_F_Brain,Yes,0,0,
Allen_tail_of_caudate_R,Allen_F_Brain,No,0,0,
Allen_medial_orbital_gyrus_R,Allen_F_Brain,Yes,0,0,
Allen_gyrus_rectus_straight_gyrus_L,Allen_F_Brain,Yes,0,0,
Allen_frontomarginal_gyrus_L,Allen_F_Brain,Yes,0,0,
Allen_superior_frontal_gyrus_L,Allen_F_Brain,No,0,0,
Allen_corpus_callosum_R,Allen_F_Brain,Yes,0,0,
Allen_posteroventral_putamen_R,Allen_F_Brain,Yes,0,0,
Allen_anterior_nuclear_complex_of_thalamus_R,Allen_F_Brain,Yes,0,0,
Allen_subcallosal_gyrus_parolfactory_gyrus_R,Allen_F_Brain,Yes,0,0,
Allen_white_matter_of_hindbrain_L,Allen_F_Brain,No,0,0,
Allen_body_of_caudate_L,Allen_F_Brain,Yes,0,0,
Allen_frontal_pole_R,Allen_F_Brain,Yes,0,0,
Allen_white_matter_of_forebrain_L,Allen_F_Brain,No,0,0,
Allen_parafascicular_nucleus_of_thalamus_R,Allen_F_Brain,No,0,0,
Allen_anterior_cortical_nucleus_L,Allen_F_Brain,Yes,0,0,
Allen_basomedial_nucleus_accessory_basal_nucleus_L,Allen_F_Brain,Yes,0,0,
Allen_inferior_colliculus_L,Allen_F_Brain,Yes,0,0,
Allen_claustrum_R,Allen_F_Brain,No,0,0,
Allen_limen_insula_L,Allen_F_Brain,Yes,0,0,
Allen_lateral_orbital_gyrus_L,Allen_F_Brain,Yes,0,0,
Allen_body_of_lateral_ventricle_R,Allen_F_Brain,Yes,0,0,
Allen_basal_forebrain_L,Allen_F_Brain,Yes,0,0,
Allen_medial_geniculate_nuclei_L,Allen_F_Brain,Yes,0,0,
Allen_paracentral_lobule_caudal_part_L,Allen_F_Brain,Yes,0,0,
Allen_pyramidal_part_of_medulla_oblongata_R,Allen_F_Brain,Yes,0,0,
Allen_frontal_agranular_insular_cortex_area_Fl_R,Allen_F_Brain,Yes,0,0,
Allen_central_nuclear_group_L,Allen_F_Brain,Yes,0,0,
Allen_nucleus_accumbens_L,Allen_F_Brain,Yes,0,0,
Allen_lateral_orbital_gyrus_R,Allen_F_Brain,Yes,0,0,
Allen_lateral_hemisphere_of_cerebellum_R,Allen_F_Brain,No,0,0,
Allen_cuneus_R,Allen_F_Brain,No,0,0,
Allen_red_nucleus_R,Allen_F_Brain,Yes,0,0,
Allen_habenular_nuclei_L,Allen_F_Brain,Yes,0,0,
Allen_pineal_body_L,Allen_F_Brain,Yes,0,0,
Allen_ingulo_parahippocampal_isthmus_R,Allen_F_Brain,Yes,0,0,
Allen_posterior_parahippocampal_gyrus_L,Allen_F_Brain,Yes,0,0,
Allen_internal_segment_of_globus_pallidus_L,Allen_F_Brain,Yes,0,0,
Allen_midline_nuclear_complex_L,Allen_F_Brain,Yes,0,0,
Allen_ventral_posterior_medial_nucleus_L,Allen_F_Brain,Yes,0,0,
Allen_reuniens_nucleus_medioventral_nucleus_of_thalamus_L,Allen_F_Brain,Yes,0,0,
Allen_head_of_hippocampus_L,Allen_F_Brain,Yes,0,0,
Allen_posterior_horn_of_lateral_ventricle_L,Allen_F_Brain,Yes,0,0,
Allen_subthalamic_nucleus_R,Allen_F_Brain,Yes,0,0,
Allen_cerebral_peduncle_crus_cerebri_L,Allen_F_Brain,Yes,0,0,
Allen_precentral_gyrus_R,Allen_F_Brain,Yes,0,0,
Allen_inferior_horn_of_lateral_ventricle_L,Allen_F_Brain,No,0,0,
Allen_amygdalohippocampal_area_L,Allen_F_Brain,Yes,0,0,
Allen_olfactory_tract_L,Allen_F_Brain,Yes,0,0,
Allen_basolateral_nucleus_basal_nucleus_R,Allen_F_Brain,Yes,0,0,
Allen_white_matter_of_forebrain_R,Allen_F_Brain,No,0,0,
Allen_fourth_ventricle_L,Allen_F_Brain,Yes,0,0,
Allen_mammillary_region_of_HTH_L,Allen_F_Brain,Yes,0,0,
Allen_pyramidal_part_of_medulla_oblongata_L,Allen_F_Brain,Yes,0,0,
Allen_ventral_posterior_lateral_nucleus_L,Allen_F_Brain,Yes,0,0,
Allen_posterior_cortical_nucleus_L,Allen_F_Brain,Yes,0,0,
Allen_preoptic_region_of_HTH_R,Allen_F_Brain,Yes,0,0,
Allen_centromedian_nucleus_of_thalamus_L,Allen_F_Brain,Yes,0,0,
Allen_inferior_cerebellar_peduncle_L,Allen_F_Brain,Yes,0,0,
Allen_mammillothalamic_tract_L,Allen_F_Brain,Yes,0,0,
Allen_frontal_agranular_insular_cortex_area_Fl_L,Allen_F_Brain,Yes,0,0,
Allen_frontomarginal_gyrus_R,Allen_F_Brain,Yes,0,0,
Allen_atrium_of_lateral_ventricle_L,Allen_F_Brain,Yes,0,0,
Allen_middle_temporal_gyrus_R,Allen_F_Brain,No,0,0,
Allen_inferior_olive_L,Allen_F_Brain,Yes,0,0,
Allen_inferior_horn_of_lateral_ventricle_R,Allen_F_Brain,No,0,0,
Allen_temporal_agranular_insular_cortex_area_Tl_L,Allen_F_Brain,Yes,0,0,
Allen_medial_orbital_gyrus_L,Allen_F_Brain,Yes,0,0,
Allen_cuneus_L,Allen_F_Brain,No,0,0,
Allen_superior_temporal_gyrus_R,Allen_F_Brain,No,0,0,
Allen_optic_tract_R,Allen_F_Brain,Yes,0,0,
Allen_midline_nuclear_complex_R,Allen_F_Brain,Yes,0,0,
Allen_parietal_operculum_L,Allen_F_Brain,Yes,0,0,
Allen_body_of_caudate_R,Allen_F_Brain,Yes,0,0,
Allen_inferior_cerebellar_peduncle_R,Allen_F_Brain,Yes,0,0,
Allen_anterior_olfactory_nucleus_R,Allen_F_Brain,Yes,0,0,
Allen_supraparietal_lobule_R,Allen_F_Brain,No,0,0,
Allen_lateral_nucleus_L,Allen_F_Brain,Yes,0,0,
Allen_temporal_pole_R,Allen_F_Brain,Yes,0,0,
Allen_ventral_posterior_lateral_nucleus_R,Allen_F_Brain,Yes,0,0,
Allen_tail_of_caudate_L,Allen_F_Brain,No,0,0,
Allen_posterior_cortical_nucleus_R,Allen_F_Brain,Yes,0,0,
Allen_supramarginal_gyrus_R,Allen_F_Brain,Yes,0,0,
Allen_medial_nucleus_L,Allen_F_Brain,Yes,0,0,
Allen_tegmentum_of_medulla_oblongata_R,Allen_F_Brain,Yes,0,0,
Allen_paracentral_lobule_rostral_part_L,Allen_F_Brain,Yes,0,0,
Allen_fourth_ventricle_R,Allen_F_Brain,Yes,0,0,
Allen_pulvinar_of_thalamus_L,Allen_F_Brain,Yes,0,0,
Allen_cerebellar_vermis_L,Allen_F_Brain,No,0,0,
Allen_bed_nucleus_of_stria_terminalis_R,Allen_F_Brain,No,0,0,
Allen_body_of_lateral_ventricle_L,Allen_F_Brain,Yes,0,0,
Allen_cingulate_gyrus_rostral_anterior_part_L,Allen_F_Brain,Yes,0,0,
Allen_temporal_agranular_insular_cortex_area_Tl_R,Allen_F_Brain,Yes,0,0,
Allen_medial_geniculate_nuclei_R,Allen_F_Brain,Yes,0,0,
Allen_lateral_posterior_nucleus_of_thalamus_R,Allen_F_Brain,Yes,0,0,
Allen_parietal_operculum_R,Allen_F_Brain,Yes,0,0,
Allen_limen_insula_R,Allen_F_Brain,Yes,0,0,
Allen_dorsal_lateral_geniculate_nucleus_R,Allen_F_Brain,Yes,0,0,
Allen_inferior_olive_R,Allen_F_Brain,Yes,0,0,
Allen_midbrain_tegmentum_R,Allen_F_Brain,No,0,0,
Allen_anterior_parahippocampal_gyrus_R,Allen_F_Brain,Yes,0,0,
Allen_posterior_horn_of_lateral_ventricle_R,Allen_F_Brain,Yes,0,0,
Allen_occipitotemporal_fusiform_gyrus_temporal_part_L,Allen_F_Brain,Yes,0,0,
Allen_centromedian_nucleus_of_thalamus_R,Allen_F_Brain,Yes,0,0,
Allen_tuberal_region_of_HTH_L,Allen_F_Brain,Yes,0,0,
Allen_amygdaloid_complex_R,Allen_F_Brain,No,0,0,
Allen_posterior_intermediate_orbital_gyrus_L,Allen_F_Brain,Yes,0,0,
Allen_anterior_parahippocampal_gyrus_L,Allen_F_Brain,Yes,0,0,
Allen_optic_tract_L,Allen_F_Brain,Yes,0,0,
Allen_optic_radiation_L,Allen_F_Brain,Yes,0,0,
Allen_pretectal_region_R,Allen_F_Brain,Yes,0,0,
Allen_septal_nuclei_L,Allen_F_Brain,No,0,0,
Allen_mediodorsal_nucleus_of_thalamus_R,Allen_F_Brain,Yes,0,0,
Allen_pretectal_region_L,Allen_F_Brain,Yes,0,0,
VH_F_optic_chiasm,Allen_F_Brain,Yes,0,0,
Allen_planum_polare_R,Allen_F_Brain,Yes,0,0,
Allen_anterior_intermediate_orbital_gyrus_R,Allen_F_Brain,Yes,0,0,
Allen_anterior_commissure_L,Allen_F_Brain,Yes,0,0,
Allen_inferior_occipital_gyrus_L,Allen_F_Brain,Yes,0,0,
Allen_postcentral_gyrus_R,Allen_F_Brain,Yes,0,0,
Allen_anterior_amygdaloid_area_L,Allen_F_Brain,Yes,0,0,
Allen_cerebral_peduncle_crus_cerebri_R,Allen_F_Brain,Yes,0,0,
Allen_angular_gyrus_L,Allen_F_Brain,Yes,0,0,
Allen_zona_incerta_L,Allen_F_Brain,Yes,0,0,
Allen_posteroventral_putamen_L,Allen_F_Brain,Yes,0,0,
Allen_hypothalamus_L,Allen_F_Brain,No,0,0,
Allen_body_of_hippocampus_L,Allen_F_Brain,Yes,0,0,
Allen_bed_nucleus_of_stria_terminalis_L,Allen_F_Brain,No,0,0,
Allen_temporal_pole_L,Allen_F_Brain,Yes,0,0,
Allen_lateral_nucleus_R,Allen_F_Brain,Yes,0,0,
Allen_precuneus_R,Allen_F_Brain,No,0,0,
Allen_perirhinal_gyrus_rostral_part_of_FuGt_R,Allen_F_Brain,Yes,0,0,
Allen_midbrain_tegmentum_L,Allen_F_Brain,No,0,0,
Allen_cerebral_aqueduct_L,Allen_F_Brain,Yes,0,0,
Allen_inferior_frontal_gyrus_triangular_part_L,Allen_F_Brain,Yes,0,0,
Allen_putamen_L,Allen_F_Brain,Yes,0,0,
Allen_lateral_posterior_nucleus_of_thalamus_L,Allen_F_Brain,Yes,0,0,
Allen_medial_nucleus_R,Allen_F_Brain,Yes,0,0,
Allen_pontine_tegmentum_R,Allen_F_Brain,No,0,0,
Allen_head_of_hippocampus_R,Allen_F_Brain,Yes,0,0,
Allen_precentral_gyrus_L,Allen_F_Brain,Yes,0,0,
Allen_hypothalamus_R,Allen_F_Brain,No,0,0,
Allen_central_canal_of_medulla_oblongata_R,Allen_F_Brain,Yes,0,0,
Allen_inferior_colliculus_R,Allen_F_Brain,Yes,0,0,
Allen_ingulo_parahippocampal_isthmus_L,Allen_F_Brain,Yes,0,0,
Allen_basomedial_nucleus_accessory_basal_nucleus_R,Allen_F_Brain,Yes,0,0,
Allen_thalamus_L,Allen_F_Brain,No,0,0,
Allen_supramarginal_gyrus_L,Allen_F_Brain,Yes,0,0,
Allen_ventral_lateral_nucleus_of_thalamus_L,Allen_F_Brain,Yes,0,0,
Allen_short_insular_gyri_L,Allen_F_Brain,Yes,0,0,
Allen_putamen_R,Allen_F_Brain,Yes,0,0,
Allen_mammillothalamic_tract_R,Allen_F_Brain,Yes,0,0,
Allen_tuberal_region_of_HTH_R,Allen_F_Brain,Yes,0,0,
Allen_ventral_lateral_nucleus_of_thalamus_R,Allen_F_Brain,Yes,0,0,
Allen_reuniens_nucleus_medioventral_nucleus_of_thalamus_R,Allen_F_Brain,Yes,0,0,
Allen_piriform_region_L,Allen_F_Brain,No,0,0,
Allen_inferior_temporal_gyrus_L,Allen_F_Brain,No,0,0,
Allen_posterior_intermediate_orbital_gyrus_R,Allen_F_Brain,Yes,0,0,
Allen_superior_frontal_gyrus_R,Allen_F_Brain,No,0,0,
Allen_supraoptic_region_of_HTH_L,Allen_F_Brain,No,0,0,
Allen_anterior_horn_of_lateral_ventricle_R,Allen_F_Brain,Yes,0,0,
Allen_head_of_caudate_L,Allen_F_Brain,Yes,0,0,
Allen_olfactory_bulb_R,Allen_F_Brain,Yes,0,0,
Allen_superior_cerebellar_peduncle_brachium_conjunctivum_L,Allen_F_Brain,Yes,0,0,
Allen_subthalamic_nucleus_L,Allen_F_Brain,Yes,0,0,
Allen_white_matter_of_hindbrain_R,Allen_F_Brain,No,0,0,
Allen_paracingulate_gyrus_L,Allen_F_Brain,No,0,0,
Allen_piriform_region_R,Allen_F_Brain,No,0,0,
Allen_gyrus_ambiens_L,Allen_F_Brain,Yes,0,0,
Allen_cerebral_aqueduct_R,Allen_F_Brain,Yes,0,0,
Allen_amygdalohippocampal_area_R,Allen_F_Brain,Yes,0,0,
Allen_gyrus_ambiens_R,Allen_F_Brain,Yes,0,0,
Allen_paracentral_lobule_rostral_part_R,Allen_F_Brain,Yes,0,0,
Allen_tegmentum_of_medulla_oblongata_L,Allen_F_Brain,Yes,0,0,
Allen_paracentral_lobule_caudal_part_R,Allen_F_Brain,Yes,0,0,
Allen_perirhinal_gyrus_rostral_part_of_FuGt_L,Allen_F_Brain,Yes,0,0,
Allen_superior_occipital_gyrus_L,Allen_F_Brain,No,0,0,
Allen_lingual_gyrus_medial_occipitotemporal_gyrus_L,Allen_F_Brain,Yes,0,0,
Allen_occipitotemporal_fusiform_gyrus_temporal_part_R,Allen_F_Brain,Yes,0,0,
Allen_dorsal_lateral_geniculate_nucleus_L,Allen_F_Brain,Yes,0,0,
Allen_anterior_commissure_R,Allen_F_Brain,Yes,0,0,
Allen_optic_radiation_R,Allen_F_Brain,Yes,0,0,
Allen_lateral_dorsal_nucleus_of_thalamus_R,Allen_F_Brain,Yes,0,0,
Allen_basilar_part_of_pons_L,Allen_F_Brain,Yes,0,0,
Allen_corpus_callosum_L,Allen_F_Brain,Yes,0,0,
Allen_superior_colliculus_R,Allen_F_Brain,Yes,0,0,
Allen_frontal_operculum_R,Allen_F_Brain,Yes,0,0,
Allen_nucleus_accumbens_R,Allen_F_Brain,Yes,0,0,
Allen_lateral_occipitotemporal_fusiform_gyrus_occipital_part_L,Allen_F_Brain,Yes,0,0,
Allen_substantia_nigra_R,Allen_F_Brain,Yes,0,0,
Allen_gyrus_rectus_straight_gyrus_R,Allen_F_Brain,Yes,0,0,
Allen_third_ventricle_R,Allen_F_Brain,Yes,0,0,
Allen_pineal_body_R,Allen_F_Brain,Yes,0,0,
Allen_substantia_nigra_L,Allen_F_Brain,Yes,0,0,
Allen_zona_incerta_R,Allen_F_Brain,Yes,0,0,
Allen_central_nuclear_group_R,Allen_F_Brain,Yes,0,0,
Allen_superior_occipital_gyrus_R,Allen_F_Brain,No,0,0,
Allen_middle_temporal_gyrus_L,Allen_F_Brain,No,0,0,
Allen_lingual_gyrus_medial_occipitotemporal_gyrus_R,Allen_F_Brain,Yes,0,0,
Allen_rostral_gyrus_R,Allen_F_Brain,Yes,0,0,
Allen_cingulate_gyrus_caudal_posterior_part_L,Allen_F_Brain,No,0,0,
Allen_pontine_tegmentum_L,Allen_F_Brain,No,0,0,
Allen_basal_forebrain_R,Allen_F_Brain,Yes,0,0,
Allen_angular_gyrus_R,Allen_F_Brain,Yes,0,0,
Allen_ventral_anterior_nucleus_of_thalamus_L,Allen_F_Brain,No,0,0,
Allen_external_segment_of_globus_pallidus_R,Allen_F_Brain,Yes,0,0,
Allen_anterior_amygdaloid_area_R,Allen_F_Brain,Yes,0,0,
Allen_fornix_R,Allen_F_Brain,Yes,0,0,
Allen_superior_temporal_gyrus_L,Allen_F_Brain,No,0,0,
Allen_superior_colliculus_L,Allen_F_Brain,Yes,0,0,
Allen_cerebellar_deep_nuclei_R,Allen_F_Brain,Yes,0,0,
Allen_lateral_occipitotemporal_fusiform_gyrus_occipital_part_R,Allen_F_Brain,Yes,0,0,
Allen_occipital_pole_L,Allen_F_Brain,No,0,0,
Allen_anterior_nuclear_complex_of_thalamus_L,Allen_F_Brain,Yes,0,0,
Allen_third_ventricle_L,Allen_F_Brain,Yes,0,0,
Allen_mammillary_region_of_HTH_R,Allen_F_Brain,Yes,0,0,
Allen_anterior_intermediate_orbital_gyrus_L,Allen_F_Brain,Yes,0,0,
Allen_frontal_operculum_L,Allen_F_Brain,Yes,0,0,
Allen_middle_cerebellar_peduncle_L,Allen_F_Brain,Yes,0,0,
Allen_subcallosal_gyrus_parolfactory_gyrus_L,Allen_F_Brain,Yes,0,0,
Allen_mediodorsal_nucleus_of_thalamus_L,Allen_F_Brain,Yes,0,0,
Allen_parafascicular_nucleus_of_thalamus_L,Allen_F_Brain,No,0,0,
Allen_inferior_frontal_gyrus_opercular_part_L,Allen_F_Brain,Yes,0,0,
Allen_lateral_hemisphere_of_cerebellum_L,Allen_F_Brain,No,0,0,
Allen_internal_segment_of_globus_pallidus_R,Allen_F_Brain,Yes,0,0,
Allen_planum_temporale_L,Allen_F_Brain,Yes,0,0,
Allen_basilar_part_of_pons_R,Allen_F_Brain,Yes,0,0,
Allen_tail_of_hippocampus_R,Allen_F_Brain,Yes,0,0,
Allen_supraoptic_region_of_HTH_R,Allen_F_Brain,No,0,0,
Allen_transverse_temporal_gyrus_Heschls_gyrus_R,Allen_F_Brain,Yes,0,0,
Allen_transverse_temporal_gyrus_Heschls_gyrus_L,Allen_F_Brain,Yes,0,0,
Allen_long_insular_gyri_R,Allen_F_Brain,Yes,0,0,
Allen_anterior_horn_of_lateral_ventricle_L,Allen_F_Brain,Yes,0,0,
Allen_body_of_hippocampus_R,Allen_F_Brain,Yes,0,0,
Allen_external_segment_of_globus_pallidus_L,Allen_F_Brain,Yes,0,0,
Allen_red_nucleus_L,Allen_F_Brain,Yes,0,0,
Allen_habenular_nuclei_R,Allen_F_Brain,Yes,0,0,
Allen_paracingulate_gyrus_R,Allen_F_Brain,No,0,0,
Allen_cerebellar_vermis_R,Allen_F_Brain,No,0,0,
Allen_precuneus_L,Allen_F_Brain,No,0,0,
Allen_inferior_occipital_gyrus_R,Allen_F_Brain,Yes,0,0,
Allen_superior_cerebellar_peduncle_brachium_conjunctivum_R,Allen_F_Brain,Yes,0,0,
Allen_paravermis_of_cerebellum_L,Allen_F_Brain,No,0,0,
Allen_planum_temporale_R,Allen_F_Brain,Yes,0,0,
Allen_basolateral_nucleus_basal_nucleus_L,Allen_F_Brain,Yes,0,0,
Allen_olfactory_tract_R,Allen_F_Brain,Yes,0,0,
Allen_cingulate_gyrus_caudal_posterior_part_R,Allen_F_Brain,No,0,0,
Allen_posterior_parahippocampal_gyrus_R,Allen_F_Brain,Yes,0,0,
Allen_inferior_temporal_gyrus_R,Allen_F_Brain,No,0,0,
Allen_inferior_frontal_gyrus_opercular_part_R,Allen_F_Brain,Yes,0,0,
Allen_lateral_olfactory_gyrus_L,Allen_F_Brain,Yes,0,0,
Allen_anterior_olfactory_nucleus_L,Allen_F_Brain,Yes,0,0,
Allen_olfactory_bulb_L,Allen_F_Brain,Yes,0,0,
Allen_pulvinar_of_thalamus_R,Allen_F_Brain,Yes,0,0,
Allen_preoptic_region_of_HTH_L,Allen_F_Brain,Yes,0,0,
Allen_cerebellar_deep_nuclei_L,Allen_F_Brain,Yes,0,0,
Allen_claustrum_L,Allen_F_Brain,No,0,0,
Allen_paravermis_of_cerebellum_R,Allen_F_Brain,No,0,0,
Allen_ventral_anterior_nucleus_of_thalamus_R,Allen_F_Brain,No,0,0,
Allen_middle_frontal_gyrus_R,Allen_F_Brain,Yes,0,0,
Allen_lateral_olfactory_gyrus_R,Allen_F_Brain,Yes,0,0,
Allen_planum_polare_L,Allen_F_Brain,Yes,0,0,
Allen_anterior_cortical_nucleus_R,Allen_F_Brain,Yes,0,0,
Allen_lateral_dorsal_nucleus_of_thalamus_L,Allen_F_Brain,Yes,0,0,
Allen_atrium_of_lateral_ventricle_R,Allen_F_Brain,Yes,0,0,
Allen_rostral_gyrus_L,Allen_F_Brain,Yes,0,0,
Allen_inferior_frontal_gyrus_triangular_part_R,Allen_F_Brain,Yes,0,0,
Allen_postcentral_gyrus_L,Allen_F_Brain,Yes,0,0,
Allen_short_insular_gyri_R,Allen_F_Brain,Yes,0,0,
Allen_thalamus_R,Allen_F_Brain,No,0,0,
VH_M_pulmonary_valve,VH_M_Heart,No,0,0,
VH_M_papillary_muscle_of_heart_anterolateral,VH_M_Heart,Yes,0,0,
VH_M_papillary_muscle_of_heart_anterior,VH_M_Heart,Yes,0,0,
VH_M_mitral_valve,VH_M_Heart,No,0,0,
VH_M_papillary_muscle_of_heart_posteromedial,VH_M_Heart,Yes,0,0,
VH_M_heart_left_ventricle,VH_M_Heart,Yes,12,0,
VH_M_heart_right_ventricle,VH_M_Heart,No,4,0,
VH_M_aortic_valve,VH_M_Heart,Yes,0,0,
VH_M_papillary_muscle_of_heart_medial,VH_M_Heart,Yes,0,0,
VH_M_interventricular_septum,VH_M_Heart,No,0,0,
VH_M_tricuspid_valve,VH_M_Heart,Yes,0,0,
VH_M_papillary_muscle_of_heart_posterior,VH_M_Heart,Yes,0,0,
VH_M_left_cardiac_atrium,VH_M_Heart,No,1,0,
VH_M_right_cardiac_atrium,VH_M_Heart,No,0,0,
VH_M_thymus_lobe_R,VH_M_Thymus,Yes,8,0,
VH_M_thymus_lobe_L,VH_M_Thymus,Yes,12,0,
VH_M_ilium_spongy_bone_L,VH_M_Pelvis,Yes,0,0,
VH_M_ischium_compact_bone_R,VH_M_Pelvis,Yes,0,0,
VH_M_ilium_compact_bone_L,VH_M_Pelvis,Yes,0,0,
VH_M_ilium_spongy_bone_R,VH_M_Pelvis,Yes,0,0,
VH_M_ilium_compact_bone_R,VH_M_Pelvis,Yes,0,0,
VH_M_pubis_compact_bone_R,VH_M_Pelvis,Yes,0,0,
VH_M_coccyx,VH_M_Pelvis,Yes,0,0,
VH_M_ischium_spongy_bone_R,VH_M_Pelvis,Yes,0,0,
VH_M_pubis_spongy_bone_L,VH_M_Pelvis,Yes,0,0,
VH_M_pubis_compact_bone_L,VH_M_Pelvis,Yes,0,0,
VH_M_ischium_compact_bone_L,VH_M_Pelvis,Yes,0,0,
VH_M_sacrum,VH_M_Pelvis,No,0,0,
VH_M_ischium_spongy_bone_L,VH_M_Pelvis,Yes,0,0,
VH_M_pubis_spongy_bone_R,VH_M_Pelvis,Yes,0,0,
VH_F_thymus_lobe_R,VH_F_Thymus,Yes,3,0,
VH_F_thymus_lobe_L,VH_F_Thymus,No,8,0,
VH_M_splenic_flexure_of_colon,SBU_M_Intestine_Large,No,0,0,
VH_M_ascending_colon,SBU_M_Intestine_Large,Yes,7,0,
VH_M_rectum,SBU_M_Intestine_Large,No,7,0,
VH_M_sigmoid_colon,SBU_M_Intestine_Large,No,7,0,
VH_M_transverse_colon,SBU_M_Intestine_Large,Yes,7,0,
VH_M_descending_colon,SBU_M_Intestine_Large,Yes,8,0,
VH_M_ileocecal_valve,SBU_M_Intestine_Large,No,0,0,
VH_M_hepatic_flexure_of_colon,SBU_M_Intestine_Large,No,0,0,
VH_M_vermiform_appendix,SBU_M_Intestine_Large,Yes,0,0,
VH_M_caecum,SBU_M_Intestine_Large,Yes,7,0,
Yao_blood_vasculature,NIH_M_Lymph_Node,No,0,0,
Yao_follicles,NIH_M_Lymph_Node,Yes,0,0,
Yao_medulla_of_lymph_node,NIH_M_Lymph_Node,No,0,0,
Yao_afferent_lymphatic_vessel,NIH_M_Lymph_Node,No,0,0,
Yao_capsule_of_lymph_node,NIH_M_Lymph_Node,No,0,0,
Yao_paracortex,NIH_M_Lymph_Node,Yes,0,0,
Yao_efferent_lymph_node,NIH_M_Lymph_Node,Yes,0,0,
VH_M_minor_calyx_L_c,VH_M_Ureter_L,No,0,0,
VH_M_minor_calyx_L_i,VH_M_Ureter_L,Yes,0,0,
VH_M_major_calyx_L_a,VH_M_Ureter_L,No,0,0,
VH_M_minor_calyx_L_a,VH_M_Ureter_L,No,0,0,
VH_M_ureter_L,VH_M_Ureter_L,No,1,0,
VH_M_minor_calyx_L_f,VH_M_Ureter_L,No,0,0,
VH_M_minor_calyx_L_d,VH_M_Ureter_L,No,0,0,
VH_M_minor_calyx_L_h,VH_M_Ureter_L,No,0,0,
VH_M_minor_calyx_L_g,VH_M_Ureter_L,No,0,0,
VH_M_renal_pelvis_L,VH_M_Ureter_L,No,0,0,
VH_M_major_calyx_L_c,VH_M_Ureter_L,No,0,0,
VH_M_minor_calyx_L_e,VH_M_Ureter_L,No,0,0,
VH_M_minor_calyx_L_b,VH_M_Ureter_L,No,0,0,
VH_M_major_calyx_L_b,VH_M_Ureter_L,No,0,0,
VH_F_fifth_thoracic_spinal_cord_segment,VH_F_Spinal_Cord,Yes,0,0,
VH_F_C1_segment_of_cervical_spinal_cord,VH_F_Spinal_Cord,Yes,0,0,
VH_F_tenth_thoracic_spinal_cord_segment,VH_F_Spinal_Cord,Yes,0,0,
VH_F_fifth_lumbar_spinal_cord_segment,VH_F_Spinal_Cord,Yes,0,0,
VH_F_seventh_thoracic_spinal_cord_segment,VH_F_Spinal_Cord,Yes,0,0,
VH_F_C4_segment_of_cervical_spinal_cord,VH_F_Spinal_Cord,Yes,0,0,
VH_F_C5_segment_of_cervical_spinal_cord,VH_F_Spinal_Cord,Yes,0,0,
VH_F_fourth_thoracic_spinal_cord_segment,VH_F_Spinal_Cord,Yes,0,0,
VH_F_first_lumbar_spinal_cord_segment,VH_F_Spinal_Cord,Yes,0,0,
VH_F_eigth_thoracic_spinal_cord_segment,VH_F_Spinal_Cord,Yes,0,0,
VH_F_third_lumbar_spinal_cord_segment,VH_F_Spinal_Cord,Yes,0,0,
VH_F_second_sacral_spinal_cord_segment,VH_F_Spinal_Cord,Yes,0,0,
VH_F_ninth_thoracic_spinal_cord_segment,VH_F_Spinal_Cord,Yes,0,0,
VH_F_fourth_sacral_spinal_cord_segment,VH_F_Spinal_Cord,Yes,0,0,
VH_F_first_thoracic_spinal_cord_segment,VH_F_Spinal_Cord,Yes,0,0,
VH_F_first_sacral_spinal_cord_segment,VH_F_Spinal_Cord,Yes,0,0,
VH_F_fourth_lumbar_spinal_cord_segment,VH_F_Spinal_Cord,Yes,0,0,
VH_F_twelfth_thoracic_spinal_cord_segment,VH_F_Spinal_Cord,Yes,0,0,
VH_F_eleventh_thoracic_spinal_cord_segment,VH_F_Spinal_Cord,Yes,0,0,
VH_F_C6_segment_of_cervical_spinal_cord,VH_F_Spinal_Cord,Yes,0,0,
VH_F_C8_segment_of_cervical_spinal_cord,VH_F_Spinal_Cord,Yes,0,0,
VH_F_third_thoracic_spinal_cord_segment,VH_F_Spinal_Cord,Yes,0,0,
VH_F_second_lumbar_spinal_cord_segment,VH_F_Spinal_Cord,Yes,0,0,
VH_F_second_thoracic_spinal_cord_segment,VH_F_Spinal_Cord,Yes,0,0,
VH_F_C3_segment_of_cervical_spinal_cord,VH_F_Spinal_Cord,Yes,0,0,
VH_F_C7_segment_of_cervical_spinal_cord,VH_F_Spinal_Cord,Yes,0,0,
VH_F_third_sacral_spinal_cord_segment,VH_F_Spinal_Cord,Yes,0,0,
VH_F_sixth_thoracic_spinal_cord_segment,VH_F_Spinal_Cord,Yes,0,0,
VH_F_C2_segment_of_cervical_spinal_cord,VH_F_Spinal_Cord,Yes,0,0,
VH_F_renal_pyramid_L_f,VH_F_Kidney_L,Yes,2,0,
VH_F_renal_pyramid_L_g,VH_F_Kidney_L,Yes,0,0,
VH_F_renal_pyramid_L_i,VH_F_Kidney_L,Yes,0,0,
VH_F_outer_cortex_of_kidney_L,VH_F_Kidney_L,No,0,0,
VH_F_renal_pyramid_L_h,VH_F_Kidney_L,Yes,1,1,HBM382.HNKL.447
VH_F_renal_pyramid_L_j,VH_F_Kidney_L,Yes,1,1,HBM224.GLDC.549
VH_F_renal_pyramid_L_e,VH_F_Kidney_L,Yes,0,0,
VH_F_renal_pyramid_L_d,VH_F_Kidney_L,Yes,0,0,
VH_F_renal_pyramid_L_b,VH_F_Kidney_L,Yes,1,0,
VH_F_renal_pyramid_L_a,VH_F_Kidney_L,Yes,1,1,HBM375.ZKZZ.765
VH_F_kidney_capsule_L,VH_F_Kidney_L,No,0,0,
VH_F_renal_column_L,VH_F_Kidney_L,Yes,2,1,HBM224.GLDC.549
VH_F_renal_pyramid_L_c,VH_F_Kidney_L,Yes,0,0,
VH_F_hilum_of_kidney_L,VH_F_Kidney_L,No,1,0,
VH_F_renal_pyramid_L_k,VH_F_Kidney_L,Yes,0,0,
VH_M_renal_pelvis_R,VH_M_Ureter_R,Yes,0,0,
VH_M_minor_calyx_R_g,VH_M_Ureter_R,No,0,0,
VH_M_minor_calyx_R_b,VH_M_Ureter_R,No,0,0,
VH_M_major_calyx_R_a,VH_M_Ureter_R,No,0,0,
VH_M_major_calyx_R_b,VH_M_Ureter_R,No,0,0,
VH_M_minor_calyx_R_i,VH_M_Ureter_R,No,0,0,
VH_M_minor_calyx_R_d,VH_M_Ureter_R,No,0,0,
VH_M_minor_calyx_R_h,VH_M_Ureter_R,No,0,0,
VH_M_minor_calyx_R_e,VH_M_Ureter_R,No,0,0,
VH_M_ureter_R,VH_M_Ureter_R,No,0,0,
VH_M_minor_calyx_R_a,VH_M_Ureter_R,No,0,0,
VH_M_minor_calyx_R_c,VH_M_Ureter_R,No,0,0,
VH_M_minor_calyx_R_f,VH_M_Ureter_R,No,0,0,
VH_M_left_superior_bronchus,VH_M_Lung,Yes,0,0,
VH_M_right_posterior_bronchopulmonary_segment,VH_M_Lung,Yes,0,0,
VH_M_tracheal_cartilage,VH_M_Lung,No,0,0,
VH_M_hilum_middle_R,VH_M_Lung,No,0,0,
VH_M_left_apical_bronchopulmonary_segment,VH_M_Lung,Yes,0,0,
VH_M_trachea,VH_M_Lung,Yes,0,0,
VH_M_right_posterior_basal,VH_M_Lung,Yes,0,0,
VH_M_arytenoid_cartilage_L,VH_M_Lung,No,0,0,
VH_M_hilum_R,VH_M_Lung,No,0,0,
VH_M_corniculate_cartilage_L,VH_M_Lung,No,0,0,
VH_M_left_anterior_basal_bronchus,VH_M_Lung,Yes,0,0,
VH_M_left_anterior_bronchus,VH_M_Lung,Yes,0,0,
VH_M_hilum_upper_R,VH_M_Lung,No,0,0,
VH_M_hilum_upper_L,VH_M_Lung,No,0,0,
VH_M_right_medial_basal_bronchus,VH_M_Lung,Yes,0,0,
VH_M_left_anterior_basal_bronchopulmonary_segment,VH_M_Lung,Yes,0,0,
VH_M_left_superior_lobar_bronchus,VH_M_Lung,Yes,0,0,
VH_M_left_lingula_inferior_bronchus,VH_M_Lung,Yes,0,0,
VH_M_right_medial_bronchus,VH_M_Lung,Yes,1,0,
VH_M_left_main_bronchus,VH_M_Lung,Yes,0,0,
VH_M_right_apical_bronchus,VH_M_Lung,No,0,0,
VH_M_carina,VH_M_Lung,No,0,0,
VH_M_right_lateral_bronchopulmonary_segment,VH_M_Lung,Yes,3,0,
VH_M_left_medial_basal_bronchopulmonary_segment,VH_M_Lung,No,0,0,
VH_M_right_lower_lobar_bronchus,VH_M_Lung,Yes,0,0,
VH_M_left_medial_basal_bronchus,VH_M_Lung,Yes,0,0,
VH_M_right_lateral_basal_bronchopulmonary_segment,VH_M_Lung,No,0,0,
VH_M_bronchial_cartilage,VH_M_Lung,No,1,0,
VH_M_right_posterior_bronchus,VH_M_Lung,Yes,0,0,
VH_M_left_lingula_superior_bronchopulmonary_segment,VH_M_Lung,No,0,0,
VH_M_right_superior_bronchus,VH_M_Lung,Yes,0,0,
VH_M_left_inferior_lobar_bronchus,VH_M_Lung,Yes,0,0,
VH_M_right_medial_basal_bronchopulmonary_segment,VH_M_Lung,No,0,0,
VH_M_bronchus,VH_M_Lung,Yes,0,0,
VH_M_right_apical_bronchopulmonary_segment,VH_M_Lung,Yes,0,0,
VH_M_right_superior_bronchopulmonary_segment,VH_M_Lung,Yes,0,0,
VH_M_right_superior_lobar_bronchus,VH_M_Lung,Yes,0,0,
VH_M_right_anterior_basal_bronchus,VH_M_Lung,Yes,0,0,
VH_M_left_posetrior_basal_bronchopulmonary_segment,VH_M_Lung,Yes,0,0,
VH_M_right_middle_lobar_bronchus,VH_M_Lung,Yes,0,0,
VH_M_left_lateral_basal_bronchopulmonary_segment,VH_M_Lung,Yes,0,0,
VH_M_left_posterior_basal_bronchus,VH_M_Lung,No,0,0,
VH_M_left_lingula_inferior_bronchopulmonary_segment,VH_M_Lung,No,0,0,
VH_M_right_posterior_basal_bronchopulmonary_segment,VH_M_Lung,No,0,0,
VH_M_right_medial_bronchopulmonary_segment,VH_M_Lung,Yes,7,0,
VH_M_right_anterior_basal_bronchopulmonary_segment,VH_M_Lung,No,0,0,
VH_M_left_superior_bronchopulmonary_segment,VH_M_Lung,Yes,0,0,
VH_M_left_posterior_bronchopulmonary_segment,VH_M_Lung,Yes,0,0,
VH_M_right_lateral_bronchus,VH_M_Lung,Yes,1,0,
VH_M_right_anterior_bronchopulmonary_segment,VH_M_Lung,Yes,0,0,
VH_M_right_lateral_basal_bronchus,VH_M_Lung,Yes,0,0,
VH_M_left_lateral_basal_bronchus,VH_M_Lung,Yes,0,0,
VH_M_epiglottic_cartilage,VH_M_Lung,No,0,0,
VH_M_corniculate_cartilage_R,VH_M_Lung,No,0,0,
VH_M_hilum_L,VH_M_Lung,No,0,0,
VH_M_cricoid_cartilage,VH_M_Lung,Yes,0,0,
VH_M_right_anterior_bronchus,VH_M_Lung,Yes,0,0,
VH_M_left_anterior_bronchopulmonary_segment,VH_M_Lung,Yes,0,0,
VH_M_left_apical_bronchus,VH_M_Lung,No,0,0,
VH_M_hilum_lower_L,VH_M_Lung,No,0,0,
VH_M_thyroid_cartilage,VH_M_Lung,Yes,0,0,
VH_M_left_lingular_bronchus,VH_M_Lung,Yes,0,0,
VH_M_hilum_lower_R,VH_M_Lung,No,0,0,
VH_M_arytenoid_cartilage_R,VH_M_Lung,No,0,0,
VH_M_right_main_bronchus,VH_M_Lung,Yes,0,0,
VH_M_right_intermediate_bronchus,VH_M_Lung,Yes,0,0,
VH_M_left_lingula_superior_bronchus,VH_M_Lung,Yes,0,0,
VH_F_skin,VH_F_Skin,No,5,3,"HBM669.GWVL.893,HBM969.VNQL.553,HBM229.HKHH.537"
VH_M_ciliary_body_L,VH_M_Eye_L,Yes,0,0,
VH_M_suspensory_ligament_of_lens_L,VH_M_Eye_L,No,0,0,
VH_M_corneo_scleral_junction_L,VH_M_Eye_L,Yes,0,0,
VH_M_macula_lutea_L,VH_M_Eye_L,Yes,0,0,
VH_M_vitreous_humor_L,VH_M_Eye_L,Yes,0,0,
VH_M_optic_choroid_L,VH_M_Eye_L,Yes,0,0,
VH_M_cornea_L,VH_M_Eye_L,Yes,0,0,
VH_M_pupil_L,VH_M_Eye_L,No,0,0,
VH_M_aqueous_humor_L,VH_M_Eye_L,Yes,0,0,
VH_M_lens_L,VH_M_Eye_L,Yes,0,0,
VH_M_palpebral_conjunctiva_of_upper_eyelid_L,VH_M_Eye_L,Yes,0,0,
VH_M_iris_L,VH_M_Eye_L,Yes,0,0,
VH_M_bulbar_conjunctiva_L,VH_M_Eye_L,No,0,0,
VH_M_ciliary_processes_L,VH_M_Eye_L,No,0,0,
VH_M_ciliary_muscle_L,VH_M_Eye_L,No,0,0,
VH_M_optic_disc_L,VH_M_Eye_L,No,0,0,
VH_M_fovea_L,VH_M_Eye_L,Yes,0,0,
VH_M_schlemms_canal_L,VH_M_Eye_L,Yes,0,0,
VH_M_trabecular_meshwork_L,VH_M_Eye_L,Yes,0,0,
VH_M_ora_serrata_of_retina_L,VH_M_Eye_L,No,0,0,
VH_M_retina_L,VH_M_Eye_L,Yes,0,0,
VH_M_sclera_L,VH_M_Eye_L,Yes,0,0,
VH_M_palpebral_conjunctiva_of_lower_eyelid_L,VH_M_Eye_L,No,0,0,
VH_F_medial_condyle_of_left_femur_sup,VH_F_Knee_L,Yes,0,0,
VH_F_lateral_condyle_of_femur_sup_L,VH_F_Knee_L,Yes,0,0,
VH_F_posterior_cruciate_enthesis_L,VH_F_Knee_L,No,0,0,
VH_F_medial_condyle_of_left_femur_inf,VH_F_Knee_L,Yes,0,0,
VH_F_distal_most_point_of_medial_condyle_L,VH_F_Knee_L,Yes,0,0,
VH_F_lateral_epicondylar_enthesis_L,VH_F_Knee_L,Yes,0,0,
VH_F_tibia_L,VH_F_Knee_L,Yes,0,0,
VH_F_lateral_condyle_of_femur_inf_L,VH_F_Knee_L,Yes,0,0,
VH_F_trochlear_groove_L,VH_F_Knee_L,No,0,0,
VH_F_lateral_perichondular_surface_L,VH_F_Knee_L,Yes,0,0,
VH_F_anterior_cruciate_enthesis_L,VH_F_Knee_L,No,0,0,
VH_F_articular_cartilage_of_knee_L,VH_F_Knee_L,Yes,0,0,
VH_F_meniscus_L,VH_F_Knee_L,Yes,0,0,
VH_F_intercondylar_fossa_L,VH_F_Knee_L,Yes,0,0,
VH_F_femur_L,VH_F_Knee_L,Yes,0,0,
VH_F_lateral_condyle_of_femur_frontal_L,VH_F_Knee_L,Yes,0,0,
VH_F_medial_epicondylar_enthesis_L,VH_F_Knee_L,No,0,0,
VH_F_fibula_L,VH_F_Knee_L,Yes,0,0,
VH_F_medial_perichondular_surface_L,VH_F_Knee_L,Yes,0,0,
VH_F_patella_L,VH_F_Knee_L,Yes,0,0,
VH_F_left_ovary,VH_F_Ovary_L,Yes,0,0,
VH_F_umbilical_cord,VH_F_Placenta,No,0,0,
VH_F_basal_plate,VH_F_Placenta,Yes,0,0,
VH_F_umbilical_vein,VH_F_Placenta,Yes,0,0,
VH_F_chorionic_plate,VH_F_Placenta,No,0,0,
VH_F_umbilical_artery_2,VH_F_Placenta,Yes,0,0,
VH_F_amnion,VH_F_Placenta,Yes,0,0,
VH_F_umbilical_artery_1,VH_F_Placenta,No,0,0,
VH_F_placenta_vessels,VH_F_Placenta,No,0,0,
VH_F_head_of_pancreas,VH_F_Pancreas,Yes,1,0,
VH_F_body_of_pancreas,VH_F_Pancreas,Yes,1,0,
VH_F_neck_of_pancreas,VH_F_Pancreas,Yes,1,0,
VH_F_uncinate_process,VH_F_Pancreas,Yes,0,0,
VH_F_tail_of_pancreas,VH_F_Pancreas,Yes,0,0,
VH_M_median_sacral_vein,VH_M_Blood_Vasculature,Yes,0,0,
VH_M_left_colic_artery,VH_M_Blood_Vasculature,Yes,0,0,
VH_M_brachiocephalic_vein_R,VH_M_Blood_Vasculature,Yes,0,0,
VH_M_sigmoid_artery_a,VH_M_Blood_Vasculature,Yes,0,0,
VH_M_coronary_sinus,VH_M_Blood_Vasculature,Yes,0,0,
VH_M_inferior_ophthalmic_vein_R,VH_M_Blood_Vasculature,No,0,0,
VH_M_posterior_segmental_right_hepatic_artery,VH_M_Blood_Vasculature,No,0,0,
VH_M_left_common_carotid_artery_b,VH_M_Blood_Vasculature,Yes,0,0,
VH_M_renal_vein_R,VH_M_Blood_Vasculature,Yes,0,0,
VH_M_anterior_cardiac_vein,VH_M_Blood_Vasculature,No,0,0,
VH_M_diagonal_branch_of_anterior_descending_branch_of_left_coronary_artery,VH_M_Blood_Vasculature,Yes,0,0,
VH_M_internal_iliac_vein_R,VH_M_Blood_Vasculature,Yes,0,0,
VH_M_central_retinal_artery_R,VH_M_Blood_Vasculature,Yes,0,0,
VH_M_sigmoid_artery_b,VH_M_Blood_Vasculature,Yes,0,0,
VH_M_proper_hepatic_artery,VH_M_Blood_Vasculature,Yes,0,0,
VH_M_left_renal_artery,VH_M_Blood_Vasculature,Yes,0,0,
VH_M_left_subclavian_artery_a,VH_M_Blood_Vasculature,Yes,0,0,
VH_M_superior_vena_cava,VH_M_Blood_Vasculature,No,0,0,
VH_M_sigmoid_vein,VH_M_Blood_Vasculature,Yes,0,0,
VH_M_celiac_trunk,VH_M_Blood_Vasculature,Yes,0,0,
VH_M_pulmonary_vein_R_inf,VH_M_Blood_Vasculature,Yes,0,0,
VH_M_ileocolic_artery,VH_M_Blood_Vasculature,Yes,0,0,
VH_M_brachiocephalic_artery_a,VH_M_Blood_Vasculature,Yes,0,0,
VH_M_pulmonary_trunk,VH_M_Blood_Vasculature,No,0,0,
VH_M_superior_ophthalmic_vein_R,VH_M_Blood_Vasculature,No,0,0,
VH_M_right_marginal_artery,VH_M_Blood_Vasculature,Yes,0,0,
VH_M_marginal_artery_of_Drummond,VH_M_Blood_Vasculature,Yes,0,0,
VH_M_middle_colic_vein,VH_M_Blood_Vasculature,Yes,0,0,
VH_M_inferior_mesenteric_vein,VH_M_Blood_Vasculature,Yes,0,0,
VH_M_ileocolic_vein,VH_M_Blood_Vasculature,Yes,0,0,
VH_M_inferior_vena_cava_a,VH_M_Blood_Vasculature,No,0,0,
VH_M_right_colic_artery,VH_M_Blood_Vasculature,Yes,0,0,
VH_M_splenic_artery,VH_M_Blood_Vasculature,Yes,0,0,
VH_M_left_colic_vein,VH_M_Blood_Vasculature,Yes,0,0,
VH_M_descending_aorta_a,VH_M_Blood_Vasculature,No,0,0,
VH_M_right_coronary_artery,VH_M_Blood_Vasculature,No,0,0,
VH_M_brachiocephalic_vein_L,VH_M_Blood_Vasculature,Yes,0,0,
VH_M_middle_rectal_vein_R,VH_M_Blood_Vasculature,Yes,0,0,
VH_M_left_hepatic_artery,VH_M_Blood_Vasculature,Yes,0,0,
VH_M_posterior_vein_of_left_ventricle,VH_M_Blood_Vasculature,Yes,0,0,
VH_M_middle_hepatic_vein,VH_M_Blood_Vasculature,No,0,0,
VH_M_cystic_artery,VH_M_Blood_Vasculature,Yes,0,0,
VH_M_left_marginal_branch,VH_M_Blood_Vasculature,Yes,0,0,
VH_M_diagonal_branch_of_left_anterior_descending_artery,VH_M_Blood_Vasculature,Yes,0,0,
VH_M_pulmonary_artery_R,VH_M_Blood_Vasculature,Yes,0,0,
VH_M_small_cardiac_vein,VH_M_Blood_Vasculature,Yes,0,0,
VH_M_aortic_arch,VH_M_Blood_Vasculature,Yes,0,0,
VH_M_pulmonary_vein_L_sup,VH_M_Blood_Vasculature,Yes,0,0,
VH_M_common_iliac_vein_L,VH_M_Blood_Vasculature,Yes,0,0,
VH_M_inferior_mesenteric_artery,VH_M_Blood_Vasculature,Yes,0,0,
VH_M_ascending_aorta,VH_M_Blood_Vasculature,Yes,0,0,
VH_M_left_branch_of_portal_vein,VH_M_Blood_Vasculature,Yes,0,0,
VH_M_ophthalmic_vein_R,VH_M_Blood_Vasculature,No,0,0,
VH_M_central_retinal_artery_L,VH_M_Blood_Vasculature,Yes,0,0,
VH_M_anterior_segmental_right_hepatic_artery,VH_M_Blood_Vasculature,Yes,0,0,
VH_M_right_hepatic_vein,VH_M_Blood_Vasculature,Yes,0,0,
VH_M_pulmonary_vein_L_inf,VH_M_Blood_Vasculature,Yes,0,0,
VH_M_central_retinal_vein_L,VH_M_Blood_Vasculature,Yes,0,0,
VH_M_descending_aorta_b,VH_M_Blood_Vasculature,Yes,0,0,
VH_M_hepatic_portal_vein,VH_M_Blood_Vasculature,Yes,0,0,
VH_M_superior_rectal_vein,VH_M_Blood_Vasculature,No,0,0,
VH_M_opthalmic_artery_R,VH_M_Blood_Vasculature,No,0,0,
VH_M_middle_rectal_vein_L,VH_M_Blood_Vasculature,Yes,0,0,
VH_M_superior_ophthalmic_vein_L,VH_M_Blood_Vasculature,No,0,0,
VH_M_oblique_vein_of_left_atrium,VH_M_Blood_Vasculature,Yes,0,0,
VH_M_right_branch_of_portal_vein,VH_M_Blood_Vasculature,Yes,0,0,
VH_M_left_common_carotid_artery_a,VH_M_Blood_Vasculature,Yes,0,0,
VH_M_external_iliac_vein_R,VH_M_Blood_Vasculature,Yes,0,0,
VH_M_central_retinal_vein_R,VH_M_Blood_Vasculature,Yes,0,0,
VH_M_opthalmic_artery_L,VH_M_Blood_Vasculature,No,0,0,
VH_M_right_renal_artery,VH_M_Blood_Vasculature,Yes,0,0,
VH_M_middle_cardiac_vein,VH_M_Blood_Vasculature,Yes,0,0,
VH_M_common_hepatic_artery,VH_M_Blood_Vasculature,Yes,0,0,
VH_M_common_iliac_vein_R,VH_M_Blood_Vasculature,Yes,0,0,
VH_M_external_iliac_vein_L,VH_M_Blood_Vasculature,Yes,0,0,
VH_M_sigmoid_artery_c,VH_M_Blood_Vasculature,Yes,0,0,
VH_M_inferior_vena_cava_b,VH_M_Blood_Vasculature,No,0,0,
VH_M_middle_colic_artery,VH_M_Blood_Vasculature,Yes,0,0,
VH_M_splenic_vein,VH_M_Blood_Vasculature,Yes,0,0,
VH_M_right_posterior_descending_artery,VH_M_Blood_Vasculature,Yes,0,0,
VH_M_left_hepatic_vein,VH_M_Blood_Vasculature,Yes,0,0,
VH_M_internal_pudendal_vein_L,VH_M_Blood_Vasculature,Yes,0,0,
VH_M_inferior_rectal_vein_L,VH_M_Blood_Vasculature,Yes,0,0,
VH_M_pulmonary_vein_R_sup,VH_M_Blood_Vasculature,Yes,0,0,
VH_M_inferior_rectal_vein_R,VH_M_Blood_Vasculature,Yes,0,0,
VH_M_ophthalmic_vein_L,VH_M_Blood_Vasculature,No,0,0,
VH_M_superior_mesenteric_artery,VH_M_Blood_Vasculature,Yes,0,0,
VH_M_great_cardiac_vein,VH_M_Blood_Vasculature,Yes,0,0,
VH_M_internal_iliac_vein_L,VH_M_Blood_Vasculature,Yes,0,0,
VH_M_superior_mesenteric_vein,VH_M_Blood_Vasculature,Yes,0,0,
VH_M_renal_vein_L,VH_M_Blood_Vasculature,Yes,0,0,
VH_M_right_colic_vein,VH_M_Blood_Vasculature,Yes,0,0,
VH_M_inferior_ophthalmic_vein_L,VH_M_Blood_Vasculature,No,0,0,
VH_M_right_hepatic_artery,VH_M_Blood_Vasculature,No,0,0,
VH_M_left_anterior_descending_artery,VH_M_Blood_Vasculature,Yes,0,0,
VH_M_internal_pudendal_vein_R,VH_M_Blood_Vasculature,Yes,0,0,
VH_M_brachiocephalic_artery_b,VH_M_Blood_Vasculature,No,0,0,
VH_M_left_coronary_artery,VH_M_Blood_Vasculature,No,0,0,
VH_M_pulmonary_artery_L,VH_M_Blood_Vasculature,No,0,0,
VH_M_inferior_pancreaticoduodenal_vein,VH_M_Blood_Vasculature,Yes,0,0,
VH_M_left_subclavian_artery_b,VH_M_Blood_Vasculature,Yes,0,0,
VH_M_middle_hepatic_artery_branch_of_left_hepatic_artery,VH_M_Blood_Vasculature,Yes,0,0,
VH_M_portal_vein,VH_M_Blood_Vasculature,Yes,0,0,
VH_M_cystic_vein,VH_M_Blood_Vasculature,Yes,0,0,
VH_F_transverse_colon,SBU_F_Intestine_Large,No,5,0,
VH_F_vermiform_appendix,SBU_F_Intestine_Large,No,0,0,
VH_F_ascending_colon,SBU_F_Intestine_Large,No,5,0,
VH_F_sigmoid_colon,SBU_F_Intestine_Large,No,7,0,
VH_F_hepatic_flexure_of_colon,SBU_F_Intestine_Large,No,0,0,
VH_F_caecum,SBU_F_Intestine_Large,No,5,0,
VH_F_descending_colon,SBU_F_Intestine_Large,No,5,0,
VH_F_ileocecal_valve,SBU_F_Intestine_Large,No,0,0,
VH_F_splenic_flexure_of_colon,SBU_F_Intestine_Large,No,0,0,
VH_F_rectum,SBU_F_Intestine_Large,No,0,0,
VH_F_corneo_scleral_junction_R,VH_F_Eye_R,Yes,0,0,
VH_F_iris_R,VH_F_Eye_R,Yes,0,0,
VH_F_ciliary_muscle_R,VH_F_Eye_R,No,0,0,
VH_F_bulbar_conjunctiva_R,VH_F_Eye_R,No,0,0,
VH_F_palpebral_conjunctiva_of_right_upper_eyelid,VH_F_Eye_R,Yes,0,0,
VH_F_aqueous_humor_R,VH_F_Eye_R,No,0,0,
VH_F_trabecular_meshwork_R,VH_F_Eye_R,Yes,0,0,
VH_F_optic_disc_R,VH_F_Eye_R,No,0,0,
VH_F_vitreous_humor_R,VH_F_Eye_R,Yes,0,0,
VH_F_cornea_R,VH_F_Eye_R,Yes,0,0,
VH_F_macula_lutea_R,VH_F_Eye_R,Yes,0,0,
VH_F_ora_serrata_of_retina_R,VH_F_Eye_R,No,0,0,
VH_F_optic_choroid_R,VH_F_Eye_R,Yes,0,0,
VH_F_retina_R,VH_F_Eye_R,Yes,0,0,
VH_F_pupil_R,VH_F_Eye_R,No,0,0,
VH_F_sclera_R,VH_F_Eye_R,Yes,0,0,
VH_F_ciliary_processes_R,VH_F_Eye_R,No,0,0,
VH_F_palpebral_conjunctiva_of_right_lower_eyelid,VH_F_Eye_R,No,0,0,
VH_F_suspensory_ligament_of_lens_R,VH_F_Eye_R,Yes,0,0,
VH_F_lens_R,VH_F_Eye_R,Yes,0,0,
VH_F_ciliary_body_R,VH_F_Eye_R,Yes,0,0,
VH_F_fovea_R,VH_F_Eye_R,Yes,0,0,
VH_F_schlemms_canal_R,VH_F_Eye_R,Yes,0,0,
VH_F_right_posterior_basal_bronchopulmonary_segment,VH_F_Lung,Yes,0,0,
VH_F_hilum_R,VH_F_Lung,No,0,0,
VH_F_left_anterior_bronchus,VH_F_Lung,Yes,0,0,
VH_F_hilum_lower_L,VH_F_Lung,No,0,0,
VH_F_left_apical_bronchopulmonary_segment,VH_F_Lung,Yes,0,0,
VH_F_right_superior_lobar_bronchus,VH_F_Lung,Yes,0,0,
VH_F_carina,VH_F_Lung,Yes,0,0,
VH_F_hilum_upper_R,VH_F_Lung,No,0,0,
VH_F_left_inferior_lobar_bronchus,VH_F_Lung,Yes,0,0,
VH_F_left_anterior_basal_bronchus,VH_F_Lung,No,0,0,
VH_F_hilum_middle_R,VH_F_Lung,Yes,0,0,
VH_F_right_apical_bronchopulmonary_segment,VH_F_Lung,Yes,0,0,
VH_F_left_posterior_bronchus,VH_F_Lung,Yes,0,0,
VH_F_bronchial_cartilage,VH_F_Lung,No,0,0,
VH_F_right_medial_basal_bronchus,VH_F_Lung,Yes,0,0,
VH_F_left_lingula_inferior_bronchi,VH_F_Lung,No,0,0,
VH_F_lingula_inferior_bronchopulmonary_segment,VH_F_Lung,No,0,0,
VH_F_right_anterior_basal_bronchus,VH_F_Lung,Yes,0,0,
VH_F_lungs_left_main_bronchus,VH_F_Lung,Yes,0,0,
VH_F_left_apical_bronchus,VH_F_Lung,Yes,0,0,
VH_F_right_superior_bronchus,VH_F_Lung,Yes,0,0,
VH_F_left_superior_bronchus,VH_F_Lung,Yes,0,0,
VH_F_right_lateral_bronchopulmonary_segmennt,VH_F_Lung,Yes,0,0,
VH_F_right_middle_lobar_bronchus,VH_F_Lung,Yes,0,0,
VH_F_right_main_lobar_bronchus,VH_F_Lung,Yes,0,0,
VH_F_right_posterior_bronchus,VH_F_Lung,Yes,0,0,
VH_F_right_superior_bronchopulmonary_segment,VH_F_Lung,No,0,0,
VH_F_arytenoid_cartilage_R,VH_F_Lung,Yes,0,0,
VH_F_right_posterior_basal_bronchus,VH_F_Lung,Yes,0,0,
VH_F_left_posterior_basal_bronchus,VH_F_Lung,Yes,0,0,
VH_F_epiglotic_cartilage,VH_F_Lung,Yes,0,0,
VH_F_tracheal_cartilage,VH_F_Lung,No,0,0,
VH_F_right_anterior_bronchus,VH_F_Lung,Yes,0,0,
VH_F_right_medial_bronchopulmonary_segment,VH_F_Lung,Yes,0,0,
VH_F_right_medial_bronchus,VH_F_Lung,Yes,0,0,
VH_F_arytenoid_cartilage_L,VH_F_Lung,Yes,0,0,
VH_F_left_anterior_basal_bronchopulmonary_segment,VH_F_Lung,No,0,0,
VH_F_cricoid_cartilage,VH_F_Lung,Yes,0,0,
VH_F_right_lateral_basal_bronchus,VH_F_Lung,Yes,0,0,
VH_F_left_superior_bronchopulmonary_segment,VH_F_Lung,Yes,0,0,
VH_F_hilum_upper_L,VH_F_Lung,No,0,0,
VH_F_left_posterior_bronchopulmonary_segment,VH_F_Lung,Yes,0,0,
VH_F_lingula_superior_bronchopulmonary_segment,VH_F_Lung,Yes,0,0,
VH_F_corniculate_cartilage_L,VH_F_Lung,Yes,0,0,
VH_F_left_lateral_basal_bronchus,VH_F_Lung,Yes,0,0,
VH_F_left_posterior_basal_bronchopulmonary_segment,VH_F_Lung,No,0,0,
VH_F_left_superior_lobar_bronchus,VH_F_Lung,Yes,0,0,
VH_F_right_apical_bronchus,VH_F_Lung,Yes,0,0,
VH_F_right_anterior_bronchopulmonary_segm,VH_F_Lung,No,0,0,
VH_F_right_posterior_bronchopulmonary_segment,VH_F_Lung,Yes,0,0,
VH_F_hilum_L,VH_F_Lung,No,0,0,
VH_F_thyroid_cartilage,VH_F_Lung,Yes,0,0,
VH_F_left_medial_basal_bronchus,VH_F_Lung,Yes,0,0,
VH_F_right_anterior_basal_bronchopulmonary_segment,VH_F_Lung,No,0,0,
VH_F_right_lateral_bronchus,VH_F_Lung,Yes,0,0,
VH_F_left_anterior_bronchopulmonary_segment,VH_F_Lung,Yes,0,0,
VH_F_hilum_lower_R,VH_F_Lung,No,0,0,
VH_F_trachea,VH_F_Lung,No,0,0,
VH_F_corniculate_cartilage_R,VH_F_Lung,Yes,0,0,
VH_F_left_lateral_basal_bronchopulmonary_segment,VH_F_Lung,Yes,0,0,
VH_F_left_medial_basal_bronchopulmonary_segment,VH_F_Lung,No,0,0,
VH_F_right_inferior_lobar_bronchus,VH_F_Lung,Yes,0,0,
VH_F_right_medial_basal_bronchopulmonary_segment,VH_F_Lung,No,0,0,
VH_F_left_lingula_superior_bronchus,VH_F_Lung,Yes,0,0,
VH_F_right_lateral_basal_bronchopulmonary_segment,VH_F_Lung,No,0,0,
